id,score
34566,0.688378033204931
50272,0.13266443701213043
69232,0.7001114827194782
86223,0.7391304347818695
53524,0.7045707915266086
42142,0.24418604651138368
22559,0.6075581395342761
28141,0.13668341708529044
72186,0.5395763656627826
46468,0.30954773869315777
33307,0.2030150753766814
96701,0.3095930232555043
43458,0.652173913042826
50885,0.6098191214464186
73557,0.9622093023246191
88932,0.8580814717468422
44717,0.7660972404722955
99278,0.763999999999236
59988,0.58513513513455
41296,0.7843137254894117
25715,0.47603121516117386
98187,0.1170568561871739
40635,0.6031537450716702
76486,0.10033444816043477
48161,0.05540540540535
57858,0.30552763819064926
25848,0.6111111111105
83247,0.4069119286506521
100820,0.27738693467308945
61843,0.4659977703451304
47864,0.21486486486464998
14338,0.49609810479326083
106760,0.45072273324527856
42892,0.4494086727984993
20995,0.02365308804202628
68283,0.7453333333325879
66796,0.010050251256271356
1175,0.34459459459424996
55171,0.7067183462525232
1693,0.7982120051077586
54411,0.004360465116274709
73718,0.20958751393513042
99036,0.4905405405400499
29757,0.9316688567664796
1352,0.9065326633156763
6970,0.9748743718583215
75513,0.54189189189135
103376,0.1608040201003417
11566,0.40933333333292393
85724,0.7146666666659519
26255,0.4853128991055172
83078,0.8502906976735682
22092,0.8762541806011304
31379,0.03316582914569548
20478,0.5516795865627557
70444,0.83918918918835
41587,0.7945945945937999
74822,0.13235294117633822
88815,0.68243243243175
6351,0.8896321070225216
105177,0.013140604467792376
58297,0.5516795865627557
39926,0.07999999999992
97160,0.821200510854862
86332,0.22093023255791858
21551,0.15066666666651599
47546,0.9031007751928953
37196,0.4782608695647391
19800,0.12399999999987599
67091,0.02470930232555668
90146,0.6046511627900929
52084,0.11957950065691064
26000,0.47568988173408405
20558,0.9053333333324279
32315,0.1438953488370654
95299,0.9618090452251687
57575,0.1135135135134
57431,0.8252299605773613
15164,0.9215686274500587
47959,0.9921156373183245
36213,0.3431372549016176
64598,0.858237547891862
85180,0.8675675675667
7330,0.7919896640818953
96758,0.8620689655163791
60760,0.08783783783775
95190,0.29374201787965515
70419,0.27648578811341856
104315,0.54666666666612
80963,0.7932432432424499
104090,0.9216216216206999
62040,0.17972972972954998
57462,0.06891891891884999
1752,0.018666666666648
13352,0.1718592964822402
6969,0.7973856209142353
36448,0.3113695090436162
69866,0.29999999999969995
37138,0.5986666666660679
37149,0.9837837837828
83158,0.7316582914565547
107034,0.917214191851908
83603,0.2731326644367391
33886,0.8314176245202414
55417,0.800445930879913
57938,0.557333333332776
27867,0.8097062579813102
101800,0.5797297297291499
91813,0.9135135135125999
64083,0.3066860465113212
29528,0.43919597989905823
71645,0.84459459459375
14467,0.5506535947706912
60324,0.8306666666658359
10743,0.25333333333308
64077,0.19594594594575
92251,0.5762273901803022
15067,0.069333333333264
20047,0.836526181352931
54463,0.8416945373458695
8025,0.03919597989945829
27998,0.5050167224075217
91510,0.8733333333324599
49193,0.06891891891884999
5404,0.5105527638185848
98897,0.4169453734666956
46045,0.44415243101138235
95008,0.911999999999088
43419,0.7949748743710643
58059,0.039215686274470585
10051,0.6201005025119426
95635,0.149333333333184
89780,0.01909547738691558
98548,0.1999999999998
27466,0.25999999999974
2992,0.6046511627900929
105855,0.6783919597983166
14278,0.3844189016598965
13478,0.44912790697629507
81475,0.463999999999536
21191,0.258666666666408
13291,0.8378033205611034
67019,0.6753768844214351
67840,0.6643216080395367
61283,0.6683006535941028
99646,0.8505747126428275
90567,0.6482412060295025
95937,0.059296482412001
98569,0.048648648648599996
83135,0.17973856209132352
63766,0.9531772575241304
58069,0.0874371859295608
61012,0.6402010050244854
23811,0.13665389527444827
86719,0.5478036175705115
71966,0.006459948320406976
42822,0.5333333333328
41669,0.6510590858410434
45307,0.655523255813298
81709,0.45466666666621197
7658,0.11046511627895929
12419,0.029715762273872088
50301,0.1999999999998
54932,0.7739018087847558
40443,0.3608040201001417
89290,0.28594771241801464
18566,0.8294573643402557
25390,0.12162162162149999
86488,0.21216216216194997
29629,0.34993614303924137
11058,0.0826873385012093
54617,0.1287779237843653
41981,0.4875164257550972
87296,0.2661498708007674
17667,0.5587939698486873
5896,0.11191860465105087
75975,0.3061760840995624
27593,0.8544061302673448
40873,0.9013333333324319
70373,0.2270270270268
43440,0.558666666666108
13967,0.12790697674405813
105002,0.19771241830045586
18683,0.4954007884357726
87657,0.3784494086724205
57708,0.21070234113691302
92606,0.3748743718589216
72712,0.7932432432424499
69218,0.6555183946481739
58810,0.692307692307
95425,0.6893333333326439
95904,0.756756756756
79487,0.5652173913037826
46830,0.9687848383490868
69561,0.3574244415239527
94968,0.40135135135094996
1988,0.783783783783
96273,0.6075808249715217
2418,0.8559999999991439
12473,0.9899497487427286
19291,0.9233716475086551
10962,0.13366834170840905
47640,0.9629629629619999
93483,0.3027027027024
104092,0.9040697674409564
97169,0.638666666666028
31477,0.3706395348833503
75670,0.9135678391950663
65370,0.14604236343352173
10836,0.1182654402101314
68685,0.2063953488370029
93012,0.6700581395342136
80205,0.783783783783
66783,0.14974874371844318
79142,0.927999999999072
51106,0.7378378378371
101527,0.8052325581387295
46079,0.5849246231149929
68864,0.6373333333326959
105489,0.22010050251234267
54811,0.30779054916955173
6426,0.5310077519374535
100841,0.88666666666578
65650,0.9499999999990498
57870,0.24933333333308397
55990,0.5124835742439028
106074,0.3587939698488874
49536,0.8643410852704534
89328,0.3748743718589216
18713,0.21066666666645598
91797,0.7892156862737205
106639,0.23126614987056976
5890,0.9487516425746096
89684,0.6711259754731304
54023,0.114666666666552
47021,0.9297385620905735
31128,0.39215686274470585
1963,0.7891891891884
76891,0.09803921568617646
90892,0.635620915032044
63803,0.8633165829137095
49662,0.3488372093019767
94938,0.9224704336390248
23162,0.932311621965862
96698,0.1513513513512
103791,0.6231155778888241
64992,0.9250985545325834
58764,0.33333333333299997
5358,0.28985507246347825
61333,0.7594594594587
63475,0.8874371859287608
13214,0.3587385019707319
21817,0.14987080103344186
34789,0.71216216216145
33534,0.5050167224075217
68438,0.25925925925899995
103299,0.18168604651144618
106707,0.8979328165365696
37671,0.9356783919588632
36142,0.635999999999364
75447,0.11371237458182606
31898,0.675675675675
65458,0.9413333333323919
20782,0.07972972972964999
93542,0.06718346253223255
28068,0.10600255427831033
13088,0.2824120603012251
91210,0.43255295429165214
73055,0.556783919597433
2146,0.7703455964317826
45779,0.2509855453348344
53843,0.45484949832730426
6613,0.7015075376877407
85068,0.6091954022982413
34339,0.5530012771386552
1747,0.5728643216074674
100398,0.524904214558862
77182,0.6666666666659999
16496,0.5527027027021499
50826,0.7480490523961304
54432,0.14848883048605388
106786,0.5348226018391498
60662,0.43889618922426543
25319,0.49832775919682604
57166,0.4763729246483103
93039,0.48743718592916074
57408,0.7066666666659599
98502,0.6886304909553836
89627,0.09819121447018604
30063,0.9487179487169999
37625,0.32194480946091325
20751,0.41989664082645345
43244,0.65333333333268
66830,0.4793969849241437
7174,0.8973333333324359
98246,0.3344481605347826
56972,0.03875968992244186
84719,0.29118773946331034
86073,0.8621621621612999
49249,0.6376811594196521
72494,0.20958751393513042
56350,0.5296482412055005
75617,0.5256281407029919
61192,0.2783783783781
95727,0.08643216080393365
53226,0.7477003942173863
11746,0.35333333333297995
56780,0.01787994891441379
48037,0.18135376756048274
67699,0.36133333333297196
52046,0.8985507246367825
7373,0.7726675427061918
55155,0.015607580824956521
87577,0.8097062579813102
97264,0.29505813953458865
73458,0.44035674470413044
86325,0.12418300653582352
96463,0.19710906701688566
16633,0.41569767441818894
75069,0.8373333333324959
35487,0.8067567567559499
24768,0.9297385620905735
34822,0.5032679738557059
101479,0.8010335917304651
79766,0.6576227390174302
49768,0.9182630906759655
22731,0.5081081081076
33574,0.3675675675672
55252,0.1192810457515147
40683,0.04013377926417391
33771,0.41339869281004404
857,0.14492753623173912
51226,0.663398692809794
46831,0.07803790412478259
105253,0.8884422110543879
79491,0.38795986622034784
103022,0.32297297297264993
82950,0.31457286432129344
64234,0.8938953488363154
78991,0.6276477146036086
83774,0.3660130718950588
48994,0.8779069767433081
84569,0.37999999999962
80903,0.5376884422105176
39230,0.21576227390159303
97195,0.403416557161226
34972,0.8439999999991559
63621,0.4954007884357726
11553,0.4924623115572965
95009,0.15849673202598527
2753,0.8294314381262607
102798,0.5688442211049588
35609,0.7105943152447673
45723,0.3499999999996499
36421,0.5843023255808111
93564,0.028140703517559797
18673,0.1293199554067826
99963,0.09199999999990799
19921,0.8940568475443255
9379,0.800445930879913
63121,0.7161629434946846
55480,0.5516795865627557
102975,0.9479999999990518
55632,0.11036789297647824
74937,0.3880813953484491
51836,0.5557788944718061
12610,0.29215116279040554
46487,0.054054054053999996
42150,0.045333333333288
2908,0.29999999999969995
11348,0.21839080459748275
104966,0.46871008939927583
56207,0.36304909560687204
47420,0.8599999999991399
70191,0.5944767441854519
30693,0.06133333333327199
82367,0.19771241830045586
56454,0.03417085427132261
40608,0.31931668856735473
590,0.30405405405374997
64431,0.6947637292457931
14717,0.542635658914186
14898,0.26633165829119093
5949,0.8148148148139999
80059,0.11369509043916279
24763,0.9053876478308948
46875,0.9348659003822068
26931,0.9497487437176432
72880,0.23691860465092585
104802,0.4743758212873048
39042,0.7713534822594126
986,0.3299418604647863
7537,0.4954773869341778
74147,0.30954773869315777
24786,0.956783919597033
94019,0.377333333332956
29377,0.9888517279811738
16134,0.07843137254894117
9499,0.9837837837828
64513,0.07752956635997503
15569,0.9665551839455216
47017,0.20155038759669766
13043,0.8251256281398783
56464,0.20178799489124136
8315,0.507246376811087
31026,0.26281208935584754
74871,0.9476744186037034
46139,0.9313725490186764
57488,0.8186462324385172
263,0.24303232998860866
3394,0.68666666666598
22237,0.20784883720909447
17299,0.2528735632181379
43048,0.5663600525618514
91934,0.836526181352931
15814,0.6270753512126551
92661,0.04924623115572964
48500,0.665333333332668
101522,0.18265440210231407
58058,0.1526162790696148
48310,0.4069767441856395
93528,0.05065359477119117
48732,0.9896640826863488
56815,0.5610465116273459
2861,0.6656976744179388
32056,0.05728643216074673
31686,0.541708542713026
32212,0.13165829145715477
34433,0.48659003831368963
9154,0.7352941176463235
62686,0.9999999999989999
93196,0.2924836601304265
95261,0.30323299888486954
70962,0.15196078431357352
90520,0.8840579710136086
29033,0.31999999999968
2713,0.44147157190591296
36946,0.12091503267961763
35993,0.5899497487431287
100933,0.4733668341703809
14561,0.41708542713526126
97302,0.21405228758148526
9600,0.9434954007874927
10294,0.4216216216212
44890,0.5728643216074674
87850,0.4467805519049408
101786,0.6192810457510147
69051,0.22674418604628485
54868,0.025542784163448275
6583,0.3953488372089069
63256,0.7105527638183848
53969,0.48320413436644183
69907,0.823115577888624
45282,0.34822601839649797
95125,0.11773255813941715
54365,0.7766097240465295
63236,0.5908584169447826
104959,0.2697881828313913
105117,0.5755584756893061
18787,0.8479999999991519
77502,0.1972972972971
59084,0.22093023255791858
91595,0.8659658344275176
80788,0.8685939553210762
99862,0.39705882352901467
87325,0.24273255813929212
57303,0.584967320260853
37884,0.7437582128770486
92059,0.14729729729715
76261,0.8891891891882999
79007,0.9908015768715452
97833,0.07199999999992798
40382,0.9464882943134347
42825,0.9787581699336616
73429,0.556783919597433
67050,0.21839080459748275
67837,0.703703703703
11945,0.08249721293191303
4880,0.045226130653221105
104670,0.5124835742439028
69307,0.9432432432422999
2417,0.5317725752503043
20890,0.052287581699294115
60524,0.9999999999989999
67623,0.032160804020068344
79406,0.9837837837828
81812,0.9948320413426743
47792,0.681407035175198
60455,0.59594594594535
57967,0.934666666665732
63131,0.27906976744158135
77533,0.32998885172765213
75815,0.6569767441853894
17220,0.338666666666328
4822,0.7118863049088487
104299,0.6700581395342136
27396,0.851851851851
66788,0.36783919597953163
73691,0.7891891891884
84699,0.08169934640514705
76468,0.9356783919588632
6868,0.5865633074929534
95938,0.10594315245467441
91872,0.012263099219608694
59054,0.5326797385615588
37147,0.16795865633058138
24966,0.8703517587930995
5668,0.25195094760286957
97600,0.43627450980348526
61930,0.2664437012260435
86934,0.3587385019707319
83678,0.15477386934657889
29827,0.5261984392413912
6206,0.6675675675668999
93891,0.007999999999992
22302,0.6283524904208275
53715,0.3588761174964482
74452,0.20155038759669766
98097,0.009803921568617646
94492,0.2839999999997159
52873,0.5532194480940591
39371,0.362666666666304
33321,0.7663398692802794
105024,0.3869346733664472
70699,0.4354005167954302
63945,0.7713534822594126
92000,0.6162943495394625
4990,0.5015075376879407
45293,0.8120893561095689
89028,0.5338441890160689
78250,0.4949832775914782
27659,0.5098039215681176
67546,0.1859296482410201
85206,0.9396984924613717
66829,0.6162943495394625
14360,0.8049095607227091
98129,0.0756756756756
74522,0.1839464882941304
20811,0.7216216216208999
76081,0.2868217054260698
38953,0.2541806020064348
8430,0.8712220762146347
89041,0.7385019710899317
99838,0.063999999999936
79512,0.38058748403537923
103604,0.6704980842905172
55820,0.20203488372072817
65422,0.11274509803910293
72645,0.4159999999995839
91160,0.1787994891441379
62410,0.277333333333056
52414,0.1054054054053
5692,0.07105943152447673
77094,0.7598978288625862
55179,0.34610472541472415
49202,0.39970930232518165
8841,0.917333333332416
8096,0.5839999999994159
75832,0.23999999999975996
39279,0.3025125628137678
100504,0.3706395348833503
37330,0.5693333333327639
71467,0.02470930232555668
27577,0.3488372093019767
59870,0.23417085427112258
64403,0.9636627906967107
47464,0.03052325581392296
79770,0.1437908496730588
99308,0.1085271317828372
57197,0.5734355044694137
37918,0.5016339869276029
43470,0.41917502787026084
100219,0.1715686274508088
26510,0.9464882943134347
25870,0.929040735872921
65867,0.5297297297292
51739,0.30523627075320686
99965,0.90135135135045
10534,0.1837837837836
6664,0.422666666666244
104971,0.5693333333327639
24615,0.0874371859295608
100862,0.061306532663255274
28018,0.1438953488370654
7345,0.5657726692203793
76059,0.8922470433631025
24256,0.8439999999991559
89943,0.0162162162162
97303,0.29757343550417237
60280,0.42528735632141373
18324,0.589333333332744
87641,0.6731266149864069
28970,0.38350055741321737
27363,0.911999999999088
52902,0.7700258397925116
85294,0.012263099219608694
81480,0.8590116279061176
1744,0.5484949832770434
38002,0.8864864864856
14284,0.5908584169447826
38484,0.8693467336674723
80584,0.56351351351295
77050,0.3953488372089069
31259,0.08527131782937208
79077,0.9527458492966207
58886,0.9534883720920697
60954,0.8541392904065045
70799,0.8249721293191304
52013,0.6382428940562093
71904,0.7131782945729302
71844,0.5768725361360855
22734,0.07469342251943477
79724,0.21839080459748275
82508,0.013081395348824127
77802,0.6462311557782482
54576,0.28093645484921737
82046,0.45484949832730426
42787,0.12151616499430433
91919,0.2630992196206956
4764,0.4393358876113103
29079,0.7843137254894117
30254,0.31668856767379633
94013,0.20178799489124136
33643,0.3095930232555043
24238,0.16951379763452165
83026,0.5061315496093043
3164,0.5083014048526207
81900,0.6104651162784592
50519,0.7106666666659559
76320,0.540229885056931
56165,0.8479999999991519
83166,0.9798994974864572
88675,0.06891891891884999
76380,0.0013140604467792377
86709,0.5375816993458675
54070,0.479651162790218
37157,0.8339719029365862
104166,0.5111695137971234
68285,0.6176142697875652
81848,0.2291457286429869
44145,0.30405405405374997
24019,0.8599999999991399
86235,0.34302325581361043
80353,0.572351421188058
45854,0.8138238573013042
4402,0.29844961240280227
41645,0.19316688567654794
31674,0.1308139534882413
28987,0.8643410852704534
18766,0.5226130653261105
10355,0.6002906976738183
32427,0.28352490421427584
91400,0.7891891891884
55295,0.8982558139525901
106782,0.36530880420462813
1645,0.05087209302320494
2610,0.8023255813945465
53836,0.31007751937953487
63495,0.49944258639860867
53689,0.47866666666618796
99572,0.22296544035652172
4148,0.6683006535941028
93681,0.8643216080393366
82600,0.9839195979889658
63362,0.5688442211049588
58983,0.19866666666646798
66268,0.31457286432129344
83582,0.06891891891884999
104484,0.5973837209296351
39197,0.8643216080393366
70740,0.540229885056931
75117,0.8864864864856
56646,0.7378378378371
103460,0.8066860465108211
19134,0.557333333332776
87447,0.4689922480615465
49659,0.5387596899219418
83556,0.11773255813941715
23993,0.677333333332656
5813,0.7726098191206743
29916,0.795999999999204
12340,0.134666666666532
67255,0.42973856209107353
46508,0.1517587939696975
67248,0.17345597897485937
29461,0.5451505016716955
51279,0.5849297573429655
16059,0.10620915032669116
92016,0.5306577480485217
50313,0.4909560723509302
78370,0.41866666666624797
80708,0.8935611038098816
90075,0.1718592964822402
72748,0.8595317725743912
10128,0.9897828863336205
7858,0.36666666666629993
69469,0.6330749353998837
607,0.27999999999972003
31648,0.5648648648643
65947,0.9474375821278304
65612,0.7956577266914138
29127,0.8227424749155652
71081,0.10457516339858823
28869,0.8281407035167597
13784,0.1182654402101314
98489,0.7260981912137441
38712,0.5879999999994119
1935,0.729729729729
81134,0.6918918918911999
97576,0.162162162162
100132,0.2844221105524794
41552,0.27432432432404996
104473,0.29040735873821155
10886,0.9891891891881999
4608,0.03488372093019767
19638,0.045226130653221105
103726,0.3311432325883679
14088,0.154666666666512
44367,0.8979328165365696
77775,0.524904214558862
43133,0.8639999999991359
11750,0.2844221105524794
38773,0.20751633986907353
80328,0.33333333333299997
36364,0.9933110367883042
72222,0.9106666666657559
24497,0.6060301507531628
81796,0.7168338907462174
68276,0.14942528735617241
95099,0.41333333333291994
104325,0.338666666666328
72720,0.7296511627899679
81957,0.0013140604467792377
68678,0.0918918918918
6282,0.03197674418601453
39478,0.1999999999998
64263,0.7594594594587
56842,0.06331658291450953
71748,0.8528252299597253
101186,0.5537790697668881
77819,0.837235228538739
82746,0.06891891891884999
75372,0.9175027870670869
86180,0.8514211886296394
103038,0.45865633074889534
53965,0.38666666666627997
51154,0.5218023255808736
68680,0.9919597989939828
10380,0.2485465116276584
15435,0.29999999999969995
80262,0.642666666666024
72306,0.2746386333768607
62687,0.061306532663255274
87244,0.9474375821278304
45990,0.6181353767554483
2832,0.5775193798443837
15117,0.1834625322995581
62567,0.4793281653741976
13436,0.5879999999994119
10683,0.1182654402101314
25182,0.6648648648641999
65739,0.34108527131748834
94520,0.15964240102155172
96784,0.15540540540524997
21531,0.35271317829422094
58971,0.39379084967280875
66147,0.01999999999998
101483,0.5663600525618514
79887,0.131999999999868
29544,0.21963824289383718
69091,0.13600891861747824
11176,0.4121447028419651
60268,0.8954773869337779
71120,0.1837837837836
31291,0.4592964824116009
43865,0.8439999999991559
40585,0.3809045226126844
37452,0.38795986622034784
52456,0.7580824972121738
90007,0.1864864864863
16739,0.3914728682166627
91551,0.13869346733654472
23423,0.8979328165365696
1706,0.38266666666628396
7452,0.24221105527613968
8134,0.24324324324299998
58536,0.7398160315367108
105734,0.6588628762535217
1313,0.15359477124167648
84876,0.6800445930873912
100693,0.40210249671444676
57995,0.010174418604640988
79811,0.836526181352931
69139,0.5994832041337674
58534,0.6804020100495708
99375,0.24266666666642397
76796,0.34671125975439127
66626,0.6613065326626553
97721,0.800445930879913
102488,0.32194480946091325
31116,0.8853333333324479
21065,0.2904522613062422
59272,0.6554054054047499
99469,0.26421404682247823
46333,0.2877906976741308
28601,0.6743295019150345
25815,0.04236343366773913
102482,0.04521963824284884
34661,0.5202702702697499
65391,0.13725490196064705
81943,0.8278580814709198
28505,0.131999999999868
88621,0.05813953488366278
62287,0.529333333332804
25860,0.03229974160203488
58026,0.30882352941145585
59165,0.4086845466151724
21355,0.29054054054024997
724,0.85333333333248
61635,0.4750957854401379
10564,0.22222222222199997
41782,0.4494086727984993
6229,0.3524904214555862
42952,0.8862876254171738
56235,0.2311557788942412
104947,0.530523255813423
7746,0.2661498708007674
100978,0.3088071348937826
20646,0.6308139534877413
78149,0.6070959264120078
94746,0.6873385012913023
11466,0.68243243243175
12787,0.7527638190947246
104608,0.47875816993416176
38068,0.4674329501911034
12230,0.7567839195972331
22667,0.7118863049088487
35855,0.5439276485782674
27932,0.9130434782599564
57277,0.13066666666653598
71908,0.20810810810789998
23047,0.3908045977007586
54288,0.45675675675629995
73157,0.4069767441856395
72434,0.4542483660126176
37676,0.048241206030102506
107058,0.03229974160203488
103029,0.7260981912137441
34947,0.35333333333297995
85834,0.31699346405197054
74743,0.57412790697617
19940,0.5486486486480999
29136,0.22875816993441173
65700,0.3337713534819264
15352,0.5886627906970857
44799,0.7215836526174138
79640,0.5581395348831627
745,0.41608040200963414
68654,0.7752234993606552
75911,0.09302325581386045
814,0.5190538764777989
30903,0.24221105527613968
32545,0.7252906976736933
35506,0.16666666666649999
69863,0.31884057970982604
19443,0.20424836601286764
45375,0.45977011494206893
22240,0.8350055741351738
86911,0.3074901445463416
68265,0.2049934296975611
91954,0.8120893561095689
99622,0.1054054054053
47734,0.6307490144540341
53726,0.9667943805865171
94247,0.5658291457280773
154,0.31007751937953487
11650,0.3386934673363447
27561,0.2739018087852558
49806,0.6932432432425499
94011,0.6253229974153953
50140,0.0567567567567
93185,0.6324324324317999
78438,0.334666666666332
2264,0.9642401021701723
62528,0.6079182630900689
4665,0.6773255813946715
7685,0.20958751393513042
39824,0.8067567567559499
65005,0.7212931995533478
68816,0.29586563307463953
102678,0.35333333333297995
63734,0.9836601307179704
40320,0.28777923784465304
2545,0.34336677814904343
41278,0.29505813953458865
102661,0.5597989949743145
29550,0.9795657726682413
13831,0.32998885172765213
52921,0.33567839195946325
106351,0.7359999999992639
95864,0.1274509803920294
9087,0.9621621621612
5591,0.561333333332772
46258,0.24924623115552963
95865,0.324324324324
42844,0.15945945945929998
77093,0.9553001277129655
84201,0.7079999999992919
70165,0.5799418604645363
32357,0.5016339869276029
101296,0.4901960784308823
67095,0.4303959131541034
85509,0.8639999999991359
50202,0.8124999999991874
12793,0.746732026143044
94120,0.469476744185577
16628,0.17432432432415
88444,0.935999999999064
48356,0.9645203679359605
57373,0.7726098191206743
20724,0.22211055276359698
32265,0.5351351351346
50643,0.7352941176463235
52320,0.23366013071872058
90770,0.0826873385012093
36345,0.17700258397915114
51312,0.21909547738671556
106826,0.18137254901942645
1659,0.6671511627900304
16342,0.7906666666658759
14592,0.9843924191740434
91973,0.12661498707997673
92819,0.5387647831794875
19977,0.7202702702695499
14955,0.9944258639900868
2250,0.2777777777775
72244,0.7545219638235348
26420,0.9163879598653042
68772,0.6421188630484534
5213,0.9811046511618094
51455,0.15196078431357352
81805,0.9554069119276956
85814,0.7248062015496627
26954,0.3477386934669889
69738,0.7162162162154999
65545,0.4113712374577826
83747,0.8398692810449117
71477,0.13517441860451596
69329,0.9534883720920697
1746,0.743589743589
87324,0.278666666666388
45379,0.003999999999996
89712,0.8853333333324479
96389,0.6909323116212758
35886,0.07199999999992798
89497,0.4091415830542174
49775,0.22666666666643998
81178,0.1085271317828372
72632,0.36434108527095344
93516,0.21999999999977998
57472,0.54999999999945
95100,0.6924623115570964
257,0.9499999999990498
97807,0.9587513935330434
42302,0.6123521681991247
103524,0.6650326797378969
89488,0.6040201005019085
76436,0.5012919896635813
95621,0.10552763819084923
88434,0.9566360052552851
106829,0.6270753512126551
36065,0.800445930879913
85803,0.24221105527613968
26046,0.3818646232435517
57695,0.709030100333739
49956,0.1085271317828372
41088,0.20155038759669766
46736,0.8643216080393366
45144,0.28533333333304794
99930,0.15075376884407032
27117,0.668604651162122
53530,0.222666666666444
49282,0.3344481605347826
1592,0.4303959131541034
2095,0.46104725415024134
105521,0.9638242894047209
93321,0.47702702702655
77725,0.2630906768835172
52947,0.442810457515897
43384,0.8541392904065045
41422,0.14572864321593465
102039,0.5083014048526207
69243,0.9728682170532905
100066,0.6613372093016642
103522,0.40135135135094996
61424,0.7976346911949973
12304,0.42401021711324133
99845,0.9013333333324319
57141,0.1999999999998
63639,0.6081081081074999
19505,0.30546265328843475
72803,0.6662286465170736
57130,0.5472972972967499
104086,0.32588699080125094
95997,0.5841694537340869
73735,0.86111111111025
17898,0.8023255813945465
63729,0.18783783783764998
62143,0.15979899497471456
76631,0.7078488372085945
24602,0.5045992115632273
69537,0.8573333333324759
57797,0.37688442211017587
95559,0.06020066889626086
90322,0.376756066410862
80472,0.43255295429165214
66595,0.13969849246217184
92922,0.4454664914581616
29561,0.800445930879913
83239,0.8030150753760813
91457,0.022339027595247044
55134,0.07803790412478259
99539,0.8837803320553103
48374,0.011437908496720587
36915,0.755778894471606
65108,0.7106666666659559
29981,0.5795006570296438
93649,0.14980289093283308
89723,0.6889632107016521
76692,0.5044699872281034
54562,0.2351351351349
43904,0.1817168338905652
33293,0.15199999999984798
73671,0.781333333332552
28238,0.31653746769994184
27546,0.8559999999991439
2281,0.8853333333324479
80042,0.45810810810764996
47374,0.5300127713915517
67558,0.903010033443913
58322,0.23643410852689534
106927,0.38795986622034784
81403,0.8373333333324959
86321,0.09729729729719999
50823,0.21999999999977998
97448,0.33768844221071753
105586,0.3669250645991162
75470,0.1999999999998
9662,0.903010033443913
91907,0.22297297297274998
41996,0.5981912144696859
59405,0.42706964520325225
52052,0.9770270270260499
30825,0.36081081081044997
95254,0.9413333333323919
58587,0.33648648648615
98745,0.6650326797378969
29759,0.9906666666656759
101031,0.5929648241200101
20484,0.05781865965828646
25560,0.6372924648780344
61360,0.28799999999971193
29448,0.15066666666651599
19381,0.8492462311549296
35748,0.5190538764777989
68222,0.7759197324406957
39947,0.2839999999997159
49604,0.21220930232536916
1877,0.80555555555475
46967,0.04570791527308695
20173,0.13282247764993102
36385,0.029729729729699998
69799,0.8643216080393366
69403,0.4653266331653638
95633,0.8307493540043371
33998,0.21105527638169846
64813,0.5363984674324137
45104,0.0077519379844883714
8400,0.6462311557782482
2873,0.18243243243225
10001,0.8528252299597253
48294,0.1405405405404
83497,0.7752234993606552
57145,0.4816053511700869
40968,0.5557788944718061
12970,0.6010050251250271
73741,0.39846743294979303
63151,0.6413333333326919
70917,0.02470930232555668
32230,0.47043363994696713
56209,0.27702702702675
23490,0.4218134034161353
47058,0.3326633165825819
82884,0.6136950904386628
97008,0.5473801560752608
19504,0.7286821705419069
2297,0.5029069767436831
48473,0.24221105527613968
86212,0.34302325581361043
38842,0.6054054054048
39472,0.9125628140694392
51818,0.2588699080155098
23397,0.22630992196186955
96486,0.9636627906967107
88840,0.8082497212923913
40466,0.6613372093016642
70317,0.8813333333324519
76574,0.8531976744177513
39341,0.7085427135671305
7292,0.6653895274578275
2023,0.033205619412482755
77379,0.42656449552958614
58211,0.5374677002578604
33639,0.12266666666654398
104130,0.22733077905468965
99841,0.6031537450716702
106572,0.6123521681991247
76552,0.9651162790688023
101625,0.7286432160796733
66162,0.8599999999991399
41851,0.1036789297657826
101017,0.19063545150482608
92229,0.0013140604467792377
82357,0.4302325581391046
15982,0.2107558139532776
23136,0.7506459948312906
97759,0.025542784163448275
92316,0.38190954773831154
91913,0.3488372093019767
46431,0.7310810810803499
19270,0.3396984924619718
76264,0.8250319284793792
97433,0.114666666666552
49813,0.7480490523961304
63267,0.14266666666652397
44030,0.083999999999916
47029,0.8713567839187266
60911,0.0801576872535335
26852,0.36133333333297196
25495,0.17866666666648798
30724,0.6767411300913074
97366,0.14133333333319198
88283,0.8385012919888255
99771,0.274666666666392
22333,0.5795006570296438
32269,0.9752906976734432
8079,0.14729729729715
2779,0.3997445721579655
13370,0.6376811594196521
67613,0.09849246231145928
84513,0.9702842377251278
8508,0.1672240802673913
66942,0.9520624303223477
56528,0.15116279069752322
63111,0.9534883720920697
43119,0.33591731266116276
55170,0.1911764705880441
77456,0.35270270270235
8406,0.7385620915025294
49227,0.07490144546641654
100176,0.9432432432422999
89671,0.8599999999991399
99750,0.14980289093283308
60128,0.5387647831794875
57307,0.47674418604603486
40250,0.21576227390159303
34581,0.9853333333323478
86220,0.48191214470236043
49095,0.47819767441812644
63946,0.019607843137235292
10473,0.7559999999992439
41895,0.34822601839649797
76107,0.1021711366537931
79867,0.8506131549601303
63319,0.01672240802673913
96015,0.41602067183420927
79850,0.046511627906930225
106860,0.635999999999364
3663,0.9264214046813478
100342,0.7196382428933371
8091,0.793103448275069
103769,0.39296482412021
34494,0.518666666666148
28174,0.9134366925055465
14089,0.2565359477121617
14851,0.4360465116274709
101546,0.10799999999989199
70823,0.771999999999228
51750,0.6557161629428396
85313,0.6834625322990581
15457,0.049333333333284
14421,0.21287779237823654
98252,0.9499999999990498
64105,0.40522875816952936
85486,0.22674418604628485
40484,0.46656976744139383
21023,0.3577889447232603
14530,0.34099616858203446
43162,0.31653746769994184
6006,0.8719999999991279
6263,0.2892441860462224
42898,0.17432432432415
74764,0.5968992248056045
53230,0.5232558139529652
102952,0.10465116279059301
17252,0.6753768844214351
91186,0.4457364341080814
29131,0.7450722733238277
78947,0.8218954248357793
3032,0.71216216216145
98841,0.46220930232511914
8866,0.14938684503886954
72495,0.21066666666645598
67709,0.06891891891884999
90098,0.1526162790696148
59516,0.8186462324385172
50248,0.8643790849664559
94359,0.35075376884387033
27240,0.052562417871169505
96264,0.401333333332932
52858,0.222666666666444
46162,0.6764705882346176
1134,0.29501915708782755
48949,0.5632183908040345
71960,0.03448275862065517
68910,0.3780332056190344
99982,0.77999999999922
41393,0.890666666665776
51375,0.8186462324385172
68467,0.4572930354791747
76589,0.27858081471719837
70180,0.6909323116212758
37487,0.44771241830020586
71815,0.9520624303223477
103508,0.9031007751928953
82760,0.8006535947704412
58985,0.3299418604647863
16513,0.7892720306505516
31230,0.08045977011486206
59944,0.7516339869273528
43283,0.0
31673,0.37254901960747056
71637,0.20799999999979196
84561,0.5216080402004833
96324,0.03197674418601453
11191,0.5518394648823912
50728,0.044699872286034475
22865,0.10381077529555978
62181,0.030651340996137928
87356,0.401333333332932
77537,0.7227332457285808
22487,0.1438953488370654
45970,0.7459459459452
20742,0.7628140703509959
64806,0.29648241206000503
98020,0.5179738562086323
49161,0.7816091954015172
1783,0.030651340996137928
64058,0.21999999999977998
1330,0.10457516339858823
86753,0.4713567839191266
85567,0.22222222222199997
92385,0.5595930232552543
63583,0.60703517587879
41872,0.17054263565874417
4448,0.6889632107016521
10400,0.7015075376877407
54480,0.645226130652621
897,0.9226130653257104
75005,0.8366013071887058
104744,0.984924623114593
78050,0.0999999999999
24984,0.6487867177515861
106112,0.1293604651161497
19932,0.43999999999955997
102896,0.6010050251250271
73105,0.9331103678920435
91330,0.9829145728633386
34731,0.9923371647499655
52739,0.8197674418596453
26932,0.29885057471234483
31165,0.023255813953465113
58551,0.3656633221846956
21939,0.4362680683307069
91487,0.4840116279064927
97906,0.8528252299597253
44807,0.9665551839455216
39583,0.274666666666392
93137,0.6123521681991247
34927,0.7559999999992439
45200,0.823115577888624
14810,0.8066860465108211
97368,0.5568475452190813
49243,0.16951379763452165
22782,0.5087209302320493
23667,0.2575558475687306
71900,0.40051679586523253
25489,0.06976744186039534
27382,0.20933333333312398
46444,0.3036175710591279
78907,0.7480490523961304
54487,0.6727989487509697
4456,0.37499999999962497
39826,0.8853333333324479
66223,0.6802325581388545
56061,0.6947674418597704
62113,0.44623115577844824
29214,0.2575558475687306
66149,0.331699346404897
88109,0.7973856209142353
22342,0.826086956520913
101632,0.78592964824042
35544,0.6540697674412064
77028,0.0813953488371279
43616,0.1438953488370654
58907,0.06020066889626086
30899,0.4119999999995879
87933,0.5216080402004833
18929,0.606209150326191
50190,0.5529542920841739
76597,0.47866666666618796
89900,0.31859296482380195
83765,0.9919597989939828
13518,0.25975473801534776
45429,0.04263565891468604
50083,0.5721583652612413
66000,0.17441860465098835
94851,0.179487179487
10556,0.403999999999596
63987,0.270666666666396
3997,0.9337837837828499
9047,0.21999999999977998
85872,0.381333333332952
24822,0.5599999999994401
27379,0.41756756756714997
21940,0.9042145593860689
48077,0.1036789297657826
96284,0.3545751633983382
79651,0.6283524904208275
103427,0.47568988173408405
12807,0.15581098339703447
83175,0.7015075376877407
15840,0.5290697674413314
3484,0.1124031007750814
70845,0.8527027027018499
101606,0.9837837837828
23783,0.7713920817361378
64445,0.31333333333302
104412,0.5979899497481457
70411,0.21005025125607132
19819,0.979933110366913
65009,0.31782945736402324
92342,0.5407035175873989
19108,0.6589147286815115
6746,0.4648648648644
94206,0.5939553219442155
94143,0.8633377135339592
99106,0.7287581699339116
69631,0.05874840357593103
53596,0.22674418604628485
101047,0.7924836601299263
56697,0.598978288632862
55742,0.8825031928471379
70944,0.7598978288625862
92980,0.36180904522576884
34131,0.7079999999992919
44222,0.16891891891875
43819,0.8327759197316086
19874,0.7959798994966915
49225,0.08241206030142512
5038,0.31758793969817484
29429,0.11036789297647824
86940,0.4040201005021085
21797,0.33567839195946325
54871,0.37976346911919967
44711,0.02759526938236399
9775,0.5437185929642804
98608,0.2732558139532151
33277,0.9399999999990598
47216,0.9068627450971323
6745,0.970854271355813
42361,0.162162162162
27101,0.7450980392149411
72144,0.0
87482,0.05387647831794875
52060,0.9651162790688023
26520,0.8856767411292062
16,0.5975473801554781
97049,0.20751633986907353
65365,0.43895348837165404
26077,0.13768844221091758
18424,0.1781045751632206
80684,0.7839195979891657
51997,0.65810810810745
11295,0.9782886334600689
255,0.732558139534151
95708,0.11733333333321598
102388,0.17345597897485937
82724,0.14666666666651998
72032,0.9302325581386045
82147,0.005256241787116951
50404,0.5926412614974361
11290,0.8381909547730312
34522,0.558666666666108
92537,0.04013377926417391
105140,0.34822601839649797
23560,0.8710089399735861
172,0.14604236343352173
95703,0.8893333333324439
93174,0.31621621621589996
52405,0.5228539576360434
28051,0.19054054054034997
4946,0.7085427135671305
43674,0.9872286079172757
50110,0.12266666666654398
1179,0.063999999999936
60536,0.9567567567558
79473,0.12483574244402759
104865,0.10479375696756521
74070,0.11148272017826086
97397,0.37972972972935
76386,0.6413333333326919
41379,0.049333333333284
10449,0.6540697674412064
33692,0.8255813953480116
38931,0.19281045751614706
40541,0.007267441860457848
95816,0.933668341707609
47147,0.9442586399098695
39952,0.9698492462301859
10941,0.56081081081025
5613,0.2839999999997159
29689,0.7923784494078803
21013,0.23385012919873255
12465,0.25542784163448273
7029,0.8675675675667
100032,0.663600525623515
33975,0.575250836119826
102570,0.053779069767388075
75071,0.6098104793750869
31504,0.3326633165825819
58867,0.0801576872535335
51215,0.9781976744176263
103693,0.4840116279064927
95082,0.86111111111025
24245,0.6973333333326359
51808,0.40135135135094996
26899,0.5125628140698392
83788,0.5408496732020734
15455,0.47702702702655
6864,0.5843023255808111
43346,0.8924623115568965
45131,0.1748743718591216
59236,0.7326633165821819
60069,0.16081081081065
97287,0.8756756756748
73100,0.8160535117048695
2015,0.7502787067996955
67988,0.31699346405197054
15584,0.16602809706241378
104063,0.07751937984488372
15460,0.9797297297287499
95640,0.20178372352265214
77076,0.987080103358186
4555,0.5952693823909947
74424,0.4549418604646613
88710,0.4101307189538382
6054,0.5356783919592634
65620,0.8124999999991874
10605,0.7369186046504258
59261,0.28799999999971193
25733,0.9031007751928953
58112,0.33205619412482756
81844,0.6111111111105
49036,0.5710594315239768
26258,0.37199999999962796
3535,0.07490144546641654
101998,0.6386333771347095
66520,0.46621621621575
87362,0.808429118773138
99528,0.47380156075760865
12377,0.891999999999108
51345,0.9026162790688648
96938,0.5755584756893061
15312,0.1668341708541045
16353,0.7647831800255164
91008,0.7869346733660472
90835,0.19896640826853487
41820,0.5108556832689655
16151,0.9216080402000834
86348,0.5243243243237999
105669,0.4750957854401379
101601,0.22674418604628485
83311,0.9409141583045216
104640,0.8327759197316086
84406,0.9651162790688023
8453,0.9237844940858042
60994,0.9986859395522207
51636,0.6871008939967586
4373,0.667999999999332
49091,0.771999999999228
68042,0.718592964823402
82902,0.6405405405399
49391,0.8978288633452067
30984,0.9898255813943589
34967,0.2812089356107569
40341,0.9587513935330434
45873,0.8608108108099499
17905,0.07105943152447673
16839,0.14604236343352173
44541,0.8432160804011667
68437,0.14666666666651998
21404,0.6304909560717209
73479,0.4912790697669505
30359,0.1159420289853913
73351,0.326873385012593
84959,0.5797297297291499
56513,0.442810457515897
103756,0.5873850197103193
67520,0.7161629434946846
100986,0.00405405405405
27260,0.04336399474371484
731,0.9948914431663103
87687,0.4954007884357726
28660,0.4367816091949655
94391,0.17113665389510344
17446,0.442810457515897
81498,0.9163879598653042
12219,0.39553219448055055
78778,0.03267973856205882
96356,0.6692506459941627
81985,0.4289405684750232
55448,0.5628140703511959
48604,0.9457364341075813
5094,0.5517241379304827
81185,0.6627906976737558
71771,0.4180602006684782
69712,0.255999999999744
46044,0.24324324324299998
88764,0.86111111111025
88216,0.08804204993420893
77232,0.0733668341707809
32466,0.167999999999832
56837,0.22385620915010293
40092,0.2707535121325517
99835,0.5735294117641323
7863,0.5098039215681176
84264,0.2679738562088823
59001,0.9448094612342719
65318,0.78243243243165
85921,0.2509855453348344
6507,0.9591315453374827
94886,0.4189016602805517
14161,0.803999999999196
2774,0.24637681159395652
18113,0.5424836601301763
39735,0.21200510855662066
78002,0.20533333333312798
28895,0.8653333333324679
70029,0.9698492462301859
74120,0.3723522853953913
5053,0.9527458492966207
72518,0.003999999999996
46275,0.007267441860457848
96136,0.4918918918914
14146,0.6333333333326999
48782,0.923076923076
71094,0.005025125628135678
4072,0.5571895424831029
22234,0.0014534883720915695
40492,0.06768837803313793
79690,0.5133333333328199
23079,0.915999999999084
17333,0.6276477146036086
87119,0.0800653594770441
5834,0.10033444816043477
13551,0.5125628140698392
103021,0.34822601839649797
41991,0.7837235228531738
97997,0.90135135135045
106143,0.37254901960747056
101996,0.3416557161626018
101236,0.03819095477383116
36530,0.06718346253223255
17414,0.7437582128770486
33019,0.7256281407027919
85006,0.67999999999932
76140,0.9738562091493529
11309,0.0077519379844883714
34063,0.12266666666654398
86991,0.5908584169447826
32286,0.2707535121325517
2524,0.3612040133775652
6279,0.9520624303223477
57030,0.1999999999998
37289,0.5406976744180638
54436,0.5638190954768231
67667,0.25125628140678385
51861,0.6373193166879303
48301,0.7906976744178138
92372,0.8562814070343195
66076,0.07535121328217241
104068,0.837235228538739
31387,0.0280970625797931
103070,0.49680715197906894
102925,0.6057818659652285
99006,0.10135135135125
34843,0.47892720306465514
38428,0.748366013071147
50298,0.699127906976045
51515,0.41486486486444996
32828,0.9337837837828499
104127,0.3905228758166029
2186,0.023999999999976
20434,0.5938697318001723
96378,0.5611038107747346
13398,0.41666666666624996
6188,0.21220930232536916
85871,0.541392904073046
62571,0.8022875816985441
11099,0.5606641123876897
94810,0.14773869346718893
23998,0.8514211886296394
49636,0.010512483574233901
20494,0.6002906976738183
33693,0.5879999999994119
91076,0.04013377926417391
74944,0.02713567839193266
74179,0.5206243032324782
8337,0.7527638190947246
38300,0.04013377926417391
33038,0.02713567839193266
42301,0.8529411764697352
98406,0.37999999999962
21120,0.777777777777
103069,0.23255813953465113
95270,0.4648829431433478
29415,0.7068004459301739
8936,0.5611038107747346
3064,0.06072351421182558
9208,0.9202702702693499
3003,0.5799418604645363
19534,0.8515111695129461
38292,0.557333333332776
83724,0.24221105527613968
38364,0.31621621621589996
13128,0.05108556832689655
89959,0.8854271356775064
16895,0.29599999999970394
11341,0.9872286079172757
65488,0.7848383500549564
82592,0.3246231155775648
56114,0.6623115577882823
26861,0.24266666666642397
41746,0.04336399474371484
96149,0.20402010050230854
11061,0.5879396984918743
53212,0.7939698492454371
70589,0.711557788944012
78186,0.383999999999616
54618,0.6373193166879303
23535,0.6744186046504883
76071,0.8351758793961497
6762,0.14848883048605388
21563,0.9348659003822068
8277,0.006535947712411764
68692,0.917333333332416
16750,0.536175710593779
106149,0.5145728643210935
32532,0.6577480490517391
32779,0.34034165571582253
102453,0.12645348837196657
30666,0.24221105527613968
61647,0.7075351213275173
27147,0.7718023255806236
95403,0.1787994891441379
100710,0.6688963210695652
36015,0.9392764857871744
106331,0.4985465116274084
87580,0.2062430323297826
41501,0.57412790697617
98388,0.4345930232553793
30343,0.13165829145715477
100663,0.0
48171,0.8779069767433081
56787,0.941708542712626
14226,0.4816053511700869
21243,0.49609810479326083
106770,0.29054054054024997
14458,0.24648786717727586
67170,0.7125628140696391
73977,0.4447674418600203
61569,0.4728682170537907
6221,0.6879084967313381
1656,0.7573435504462414
70599,0.6192810457510147
33838,0.998666666665668
59864,0.38492462311519293
74466,0.44266666666622395
11592,0.029333333333303995
15088,0.37123745819360865
97597,0.008040201005017086
18431,0.74459459459385
42600,0.20306513409941376
81817,0.5775193798443837
80331,0.5395763656627826
98567,0.9432432432422999
4097,0.8909883720921322
63923,0.5400788436262667
28027,0.9651162790688023
27503,0.626532887401826
9715,0.4677002583974651
40488,0.3879396984920743
40166,0.20100502512542712
48582,0.2049934296975611
6797,0.8300653594762941
65019,0.4281045751629705
30617,0.1837837837836
51701,0.27432432432404996
5761,0.8762541806011304
105934,0.7529069767434331
40390,0.8473837209293851
58403,0.9837837837828
39690,0.03575989782882758
69613,0.7385019710899317
17650,0.8979328165365696
26592,0.18390804597682756
70322,0.028423772609790697
63130,0.16602809706241378
49616,0.33243243243209997
102088,0.9392764857871744
15405,0.6119999999993879
68466,0.6744186046504883
92294,0.022988505747103444
22524,0.9651162790688023
102550,0.17345597897485937
79178,0.169333333333164
78481,0.33205619412482756
25017,0.4709302325576686
4939,0.5216819973713575
28702,0.903010033443913
50712,0.7597989949741145
42190,0.5447236180899074
85508,0.3488372093019767
36452,0.1182654402101314
9538,0.18783783783764998
35066,0.1718592964822402
38543,0.3723522853953913
11794,0.10479375696756521
66006,0.6644370122624348
21198,0.771999999999228
80627,0.36884422110515874
72178,0.41608040200963414
52478,0.2718023255811235
54875,0.7107558139527776
93762,0.8653333333324679
86519,0.6642441860458472
78128,0.04862023653083179
82240,0.21708542713546128
100403,0.16858237547875862
46299,0.7252906976736933
105428,0.4648829431433478
76655,0.1274509803920294
87723,0.017333333333316
39172,0.9208472686724347
105399,0.8272017837226956
35620,0.8592964824112008
4285,0.16795865633058138
104852,0.17386934673349444
45967,0.1513513513512
73419,0.3660130718950588
88642,0.20930232558118603
66205,0.3889447236177015
48234,0.8639910813815217
6612,0.09045226130644221
18880,0.9521963824279883
69298,0.7190293742010689
87659,0.3344481605347826
81104,0.8364864864856499
77462,0.17973856209132352
86422,0.9256281407025919
82575,0.6119186046505508
29597,0.48533333333284795
45809,0.8515111695129461
82953,0.7586206896544136
60684,0.7215836526174138
18764,0.8532663316574381
103360,0.33768844221071753
36723,0.07162162162155
29224,0.3154960981044782
48812,0.3508541392900565
43786,0.8608108108099499
37907,0.9961240310067557
66750,0.5507246376806086
74666,0.03819095477383116
32708,0.5478927203059655
98157,0.5567567567562
85100,0.1324324324323
10959,0.7790549169851723
25471,0.46232439335841374
74863,0.7870680044585217
87242,0.6656976744179388
104648,0.20762155059111956
97052,0.7058823529404705
86805,0.1748743718591216
16681,0.07035175879389949
9645,0.38350055741321737
38003,0.929333333332404
98423,0.3831417624517241
43855,0.415075376884007
80998,0.195999999999804
51599,0.3043478260866522
86393,0.30377906976713803
97657,0.8659658344275176
68503,0.47892720306465514
62199,0.717333333332616
22810,0.3876478317998751
25809,0.8944723618081507
31763,0.7078488372085945
56585,0.16666666666649999
82026,0.2049934296975611
31013,0.17614269788165215
88505,0.480946123521201
67862,0.05728643216074673
1083,0.6570302233896188
32019,0.9667943805865171
45514,0.6373333333326959
45705,0.6421404682267826
24442,0.27647714604208695
2150,0.8592964824112008
44853,0.8472361809036753
87629,0.22512562814047837
99796,0.9224806201541161
15349,0.9949748743708642
34765,0.46732026143744115
25818,0.6994974874364864
2666,0.85540540540455
76793,0.9719029374192067
105647,0.6925098554526583
81361,0.41989664082645345
90799,0.8279999999991718
35745,0.5061315496093043
160,0.07024265644948276
69303,0.5865633074929534
14700,0.7252906976736933
69746,0.17483660130701467
961,0.5375816993458675
3962,0.9105527638181848
24511,0.4349540078839277
61817,0.40116279069727323
19533,0.20958751393513042
43332,0.9135678391950663
52787,0.9796511627897179
79254,0.7573333333325759
63398,0.7170542635651744
46236,0.28777923784465304
103175,0.4572930354791747
79229,0.6434108527125348
2444,0.5810810810804999
77714,0.35945945945909996
80153,0.44020100502468534
98530,0.7814938684496086
93242,0.2270270270268
39888,0.401333333332932
9964,0.9702702702692999
31540,0.4013377926417391
47142,0.08804204993420893
35348,0.6298773690071738
74182,0.8010335917304651
5001,0.041333333333292
37864,0.14848883048605388
14092,0.8124999999991874
16748,0.49466666666617193
104285,0.18168604651144618
41214,0.3113695090436162
27064,0.4689922480615465
1903,0.3899497487433286
9954,0.9135678391950663
86039,0.4909560723509302
54745,0.03316582914569548
9210,0.47537688442163517
103898,0.20588235294097057
21972,0.8364864864856499
67669,0.1925064599481279
484,0.7351351351344
47825,0.48020434227282754
47939,0.5734355044694137
100475,0.3081395348834128
77167,0.9080157687244533
88023,0.1432432432431
75237,0.7243243243235999
60778,0.9303547963197003
33347,0.713534822601126
72757,0.9202702702693499
45691,0.3901808785525814
23169,0.29654403567417387
49808,0.9946666666656719
87952,0.2601839684622891
104831,0.3324572930351471
88511,0.8837837837828999
106076,0.03344481605347826
1970,0.9241917502777826
61596,0.9356783919588632
99009,0.7788944723610302
36950,0.10405405405394999
4566,0.7136627906969607
40783,0.5465116279064302
72599,0.5768844221099758
8221,0.07751937984488372
19699,0.27333333333306
37292,0.9142441860455972
11863,0.46911957950018784
79578,0.09864864864855
25995,0.8252299605773613
37913,0.5977011494246897
7465,0.467999999999532
77555,0.23255813953465113
87837,0.9668341708533045
32407,0.2485465116276584
3374,0.675675675675
23096,0.40078843626766747
21436,0.56898817345541
67879,0.9999999999989999
105851,0.42587209302282986
84088,0.4101307189538382
33309,0.7647058823521764
58284,0.6583442838363981
67380,0.4505813953483866
51248,0.9598662207348261
7690,0.597333333332736
66797,0.8790849673193822
3928,0.48546511627858424
98699,0.5039018952057391
37209,0.9499999999990498
39834,0.6551724137924482
100208,0.8854271356775064
92868,0.9497487437176432
7592,0.6140703517581798
93101,0.22997416020648836
82473,0.04570791527308695
54104,0.3043478260866522
8772,0.34156976744151885
49171,0.9237844940858042
1186,0.7257525083604781
20672,0.6127450980386029
9230,0.03790412486060869
97020,0.1787994891441379
2270,0.5808249721287391
21016,0.02470930232555668
42750,0.4002229654399565
12134,0.7100893997438621
85442,0.17608409986841786
4196,0.19040697674399562
45003,0.6445945945939499
173,0.2575558475687306
93374,0.26960784313698527
88695,0.9105527638181848
24428,0.24019607843113233
21794,0.771999999999228
83160,0.24723618090427538
61147,0.8643216080393366
84498,0.7118863049088487
12837,0.2027027027025
55334,0.48341708542665224
23071,0.07702702702695
86142,0.8008720930224549
82082,0.13888888888875
40099,0.583652618134793
90999,0.17432432432415
60262,0.6906666666659759
13806,0.6960408684539654
84354,0.7380156075800869
93197,0.45994832041297673
31336,0.8544061302673448
61346,0.5294117647053529
64873,0.7849246231147928
32682,0.25540540540515
91281,0.4793969849241437
18862,0.04120603015071256
69521,0.12790697674405813
89560,0.7364341085263952
35183,0.874371859295608
101367,0.815075376883607
80005,0.08935611038098817
28355,0.42656449552958614
81694,0.5597989949743145
67871,0.34822601839649797
40178,0.667999999999332
18070,0.44771241830020586
30680,0.6206896551717931
56137,0.1694537346709565
84815,0.8963210702332173
86707,0.5202702702697499
55089,0.8825031928471379
59361,0.1748743718591216
64490,0.20666666666645997
57093,0.37123745819360865
15676,0.4916387959861304
39525,0.20958751393513042
47923,0.8439999999991559
45403,0.39159001314021286
83152,0.23417085427112258
98655,0.32183908045944826
50859,0.21105527638169846
65784,0.5377906976738808
70212,0.6884422110545879
21058,0.24019607843113233
74241,0.8405797101440868
62610,0.7136627906969607
7566,0.8442211055267939
97972,0.6683006535941028
67144,0.7238372093016017
87606,0.8592964824112008
46796,0.9224704336390248
4010,0.7093023255806861
76090,0.042049934296935605
12992,0.8854271356775064
96829,0.4840357598973448
84814,0.9346405228748823
57267,0.010512483574233901
6047,0.4422110552759397
69361,0.3488372093019767
17613,0.8199737187902444
51751,0.9684625492762982
42632,0.40116279069727323
36140,0.31215161649913037
85388,0.496482412059805
71239,0.21466666666645198
15500,0.40210249671444676
61416,0.8357424441515953
31746,0.6395348837202907
50329,0.03547963206303942
73952,0.33648648648615
32538,0.08147174770031274
13418,0.8447712418292205
12540,0.9577889447226602
43800,0.6998722860784827
14460,0.692307692307
55856,0.3022339027592247
62352,0.9898255813943589
94871,0.9985465116269083
91572,0.8300653594762941
26053,0.5849297573429655
50065,0.9613333333323719
5865,0.37254901960747056
10612,0.14170854271342612
42136,0.7085427135671305
98225,0.6671511627900304
67911,0.6298773690071738
58526,0.4330065359472794
60638,0.5735294117641323
17491,0.2731326644367391
65807,0.9040697674409564
65190,0.45484949832730426
46855,0.36046511627870925
31550,0.20588235294097057
46678,0.5685618729091303
52586,0.013081395348824127
77083,0.563953488371529
15946,0.044699872286034475
47152,0.2474916387957391
82477,0.8753768844212352
89509,0.9899497487427286
67809,0.9065326633156763
66336,0.44186046511583715
104012,0.48320413436644183
5903,0.23366013071872058
71203,0.3959131545334482
53679,0.7155778894465206
4649,0.14492753623173912
45837,0.4942528735627241
47135,0.6552287581692794
100954,0.4840116279064927
91716,0.9718592964814401
85728,0.529333333332804
1170,0.6758720930225799
31247,0.3545751633983382
7679,0.1192810457515147
28796,0.5808249721287391
44977,0.6075808249715217
39422,0.03104575163395588
61607,0.0
106078,0.7175879396977748
9024,0.9832775919722608
87278,0.1526162790696148
69203,0.30555555555525
1615,0.085333333333248
18592,0.9313725490186764
102546,0.3390275952690433
92573,0.3587939698488874
99103,0.903999999999096
64001,0.4101307189538382
10045,0.8397932816529069
85073,0.9781976744176263
63138,0.30799999999969196
33289,0.03010033444813043
25657,0.3400222965436956
105677,0.24010217113641377
67163,0.9216080402000834
13647,0.9921156373183245
76642,0.08939974457206895
51007,0.4713567839191266
68266,0.44054054054009995
44275,0.377889447235803
20998,0.5065326633160763
37144,0.2739018087852558
22529,0.9243243243234
107135,0.8462549277258291
10453,0.22739018087832558
44915,0.5206243032324782
71397,0.6633165829139095
87754,0.3127463863334586
94874,0.17599999999982396
48273,0.3251633986924853
83799,0.9053876478308948
59725,0.41608040200963414
17919,0.739825581394609
38410,0.43295019157044823
96210,0.31931668856735473
52102,0.13066666666653598
71858,0.01708278580813009
35019,0.6764705882346176
100257,0.9302325581386045
92012,0.1627906976742558
62039,0.2904522613062422
62999,0.19296482412041002
71724,0.8170854271348613
45444,0.5734355044694137
92009,0.3066860465113212
19636,0.37162162162124995
55464,0.07535121328217241
71250,0.9999999999989999
7439,0.7286821705419069
49016,0.3242894056844302
23337,0.5197956577261724
60876,0.3574244415239527
49078,0.341333333332992
74833,0.1787994891441379
29020,0.675675675675
26583,0.45025125628095675
29303,0.9872286079172757
42586,0.4934673366829236
71875,0.40135135135094996
34508,0.8515111695129461
6165,0.45090439276440697
58493,0.6002906976738183
94887,0.22997416020648836
102986,0.564102564102
28098,0.5767973856203381
25087,0.8850129198957558
8009,0.9948914431663103
89579,0.6376811594196521
54770,0.8810810810801999
51653,0.3738693467332944
45760,0.052287581699294115
4476,0.5202702702697499
54421,0.03924418604647238
59509,0.3850129198962558
98689,0.9665551839455216
60921,0.15197956577251723
39461,0.5256281407029919
70274,0.3565891472864651
37090,0.37976346911919967
37016,0.9467336683407618
13411,0.18799999999981198
51088,0.5039018952057391
56925,0.7079999999992919
98002,0.7068004459301739
35495,0.891999999999108
93475,0.597333333332736
68261,0.8010050251248271
98947,0.9331103678920435
50552,0.9277266754261418
59028,0.9824324324314498
88386,0.31256281407003916
96380,0.6964520367929959
45376,0.3417085427132261
43984,0.8599999999991399
24711,0.21711366538931032
97312,0.2444152431009382
26141,0.1027027027026
16602,0.7790549169851723
23781,0.2586399108135652
28258,0.9425287356312413
64800,0.7025125628133678
37795,0.6381909547732311
62740,0.36399999999963595
41201,0.012771392081724137
1954,0.8875968992239186
81573,0.2428940568473023
21215,0.04980842911872413
70981,0.46511627906930225
67761,0.917333333332416
104537,0.540229885056931
52595,0.44912790697629507
28616,0.06633165829139095
17775,0.742666666665924
35248,0.3065326633162764
34106,0.9237844940858042
13399,0.30552763819064926
62348,0.9729729729719999
22348,0.09587513935330434
78412,0.6692506459941627
79202,0.01404853128989655
28300,0.4636627906972107
57415,0.2864651773978738
24325,0.35333333333297995
104667,0.04993429697761103
102884,0.4494086727984993
75881,0.2759526938236399
89545,0.5029069767436831
53802,0.9833971902927586
8428,0.324324324324
1947,0.7248062015496627
39582,0.22666666666643998
98781,0.6097240473055664
10914,0.4954007884357726
68116,0.9031007751928953
89336,0.9961240310067557
23088,0.8180904522604884
24498,0.979933110366913
20680,0.4520367936920578
72863,0.9263565891463603
9853,0.49949748743668637
34780,0.3831417624517241
47982,0.8221105527629968
23029,0.19771241830045586
99217,0.6797385620908235
65189,0.07024265644948276
32702,0.04570791527308695
29196,0.45333333333287995
92311,0.8584169453726086
78556,0.718791064388243
790,0.8528428093636956
61109,0.6124031007745813
27468,0.19324324324304998
59155,0.3386934673363447
77199,0.8252299605773613
5278,0.5130718954243234
74444,0.19899497487417286
82691,0.7675606641116206
16226,0.5361366622859289
52549,0.5540540540535
44851,0.7238372093016017
59450,0.569676700110913
94386,0.4520367936920578
17225,0.3716475095781724
36121,0.5175879396979749
70641,0.7190635451497825
23081,0.4056847545215581
26293,0.06911928651052174
19672,0.8265440210241405
75867,0.7877906976736307
12380,0.6297297297290999
58603,0.8619186046503008
75965,0.03378378378375
89363,0.9148648648639499
93676,0.8310810810802499
14307,0.9888517279811738
91126,0.8479999999991519
25779,0.3899497487433286
6628,0.32533333333300796
4388,0.88666666666578
93791,0.017837235228521736
31487,0.5675675675669999
90708,0.023255813953465113
30088,0.40135135135094996
83553,0.8541392904065045
74383,0.9527458492966207
25927,0.8918918918909999
7414,0.28224776500610343
20334,0.2874371859293608
21744,0.4918918918914
21251,0.13266443701213043
60748,0.222666666666444
43515,0.8840579710136086
74308,0.21059431524526742
106088,0.4509803921564117
34656,0.939799331102739
50547,0.1614987080101744
95637,0.13235294117633822
30704,0.2608695652171304
15030,0.21287779237823654
24654,0.1192810457515147
9002,0.6570302233896188
39090,0.05555555555549999
50634,0.5418060200663477
97316,0.8751393533993478
84069,0.718791064388243
15263,0.17989949748725728
17371,0.3255813953485116
92665,0.2746386333768607
68592,0.083999999999916
34934,0.06976744186039534
60754,0.1954022988503793
11212,0.4909560723509302
57395,0.26470588235267645
87247,0.7979651162782717
10163,0.6373193166879303
19818,0.17989949748725728
86469,0.8333333333324999
5163,0.135999999999864
89755,0.3908045977007586
15091,0.651999999999348
54328,0.9956395348827252
26074,0.9853333333323478
70959,0.8291721419176991
84334,0.4905239687843478
65282,0.27614379084939705
33477,0.25066666666641596
6641,0.6487867177515861
23339,0.6700111482713478
224,0.41733333333291595
16607,0.3831417624517241
106110,0.9224806201541161
75941,0.04723618090447537
45252,0.8428093645476521
832,0.4682274247486956
55056,0.732558139534151
89743,0.29324324324295
60890,0.622666666666044
55078,0.31466666666635196
48751,0.7457286432153346
64538,0.28428093645456515
40381,0.904522613064422
80868,0.04120603015071256
39323,0.6382428940562093
87561,0.767999999999232
16654,0.3678929765882608
41696,0.5952693823909947
13283,0.3344481605347826
24227,0.5202702702697499
9617,0.635999999999364
56613,0.0513513513513
87591,0.04084967320257352
51253,0.20933333333312398
79479,0.15066666666651599
90168,0.9899497487427286
63042,0.6819973718784245
37035,0.3652618135373103
52909,0.2798216276474348
69625,0.1698492462309859
10939,0.23643410852689534
43090,0.7558139534876163
23167,0.6373193166879303
16387,0.5768844221099758
40661,0.9540540540531
71384,0.8660130718945588
19426,0.6956521739123478
45384,0.27162162162134995
60704,0.22093023255791858
14812,0.8706395348828502
42412,0.8850574712634827
70876,0.5597989949743145
63689,0.37027027026989995
33546,0.22630992196186955
15735,0.6944723618083507
40798,0.02906976744183139
13733,0.10653266331647637
67133,0.0359477124182647
18911,0.8904522613056421
31669,0.24221105527613968
80993,0.6889632107016521
48559,0.7939698492454371
6089,0.06833114323252036
75724,0.06633165829139095
76026,0.04467805519049409
31984,0.3748743718589216
10651,0.31621621621589996
31300,0.11371237458182606
28564,0.820413436691686
18914,0.07580824972121739
58189,0.6111111111105
79828,0.5316582914567547
66402,0.27035175879369944
40202,0.16951379763452165
95576,0.8341708542705225
94270,0.06891891891884999
29226,0.30100334448130434
53270,0.8304862023644782
35383,0.9043927648569766
29566,0.35333333333297995
2547,0.6909323116212758
70342,0.048648648648599996
1061,0.5915032679732647
78036,0.6802325581388545
72994,0.5095477386929578
34506,0.6586666666660079
102711,0.7516339869273528
41440,0.630666666666036
39328,0.05813953488366278
82236,0.8552763819086924
54557,0.3738693467332944
8590,0.37569676700073906
49268,0.9040697674409564
53084,0.1817168338905652
32658,0.45484949832730426
40205,0.23514211886281391
16606,0.15245478036160465
21653,0.874371859295608
38824,0.060301507537628134
72356,0.5507246376806086
58357,0.5980392156856764
5784,0.031007751937953486
10202,0.3270348837206032
9417,0.4914572864316693
33193,0.62567567567505
107160,0.738186462323655
70310,0.9797297297287499
18909,0.7095926412607884
60021,0.010512483574233901
20427,0.3587385019707319
104311,0.4723618090447537
86023,0.7844940867272049
31203,0.0826873385012093
63103,0.095999999999904
98109,0.05236270753506896
21297,0.9413333333323919
52144,0.43895348837165404
88901,0.4099868593951222
38225,0.783999999999216
84696,0.43599999999956396
20497,0.19316688567654794
29476,0.24637681159395652
24075,0.06800445930873912
22804,0.6994974874364864
91118,0.3105527638187849
80940,0.31976744186014533
43319,0.5202702702697499
29975,0.098666666666568
87083,0.9888517279811738
52097,0.1642575558474047
40409,0.9732441471562173
38669,0.41608040200963414
3473,0.39553219448055055
42303,0.37199999999962796
55987,0.18002628120875555
29956,0.08138238573013043
85955,0.34933333333298394
25404,0.86891891891805
10515,0.1950904392762907
94826,0.0479651162790218
24313,0.6879999999993118
7440,0.5326797385615588
37739,0.42297297297255
65222,0.564102564102
21842,0.06911928651052174
13616,0.6257982120044827
62725,0.08935611038098817
82094,0.5111695137971234
28784,0.5306577480485217
90341,0.09199999999990799
90871,0.9399744572148965
97153,0.21199999999978797
34477,0.6421404682267826
27288,0.8439241917494347
6645,0.9547738693457788
106487,0.007267441860457848
103799,0.8346253229965813
100795,0.5624178712215138
50441,0.5226130653261105
25656,0.21999999999977998
42091,0.17877906976726307
31393,0.7783783783775999
105245,0.3337713534819264
30771,0.3324572930351471
63295,0.9675675675665999
92846,0.652261306532011
76532,0.3320413436689186
55699,0.6886304909553836
51532,0.5351351351346
81462,0.11918604651150871
55743,0.17432432432415
5471,0.7324414715711738
50734,0.9476031215152173
77357,0.25193798449587207
42814,0.5065326633160763
56981,0.6298773690071738
15870,0.7135678391952662
62263,0.25195094760286957
32459,0.7611749680707585
69113,0.31333333333302
41655,0.29069767441831396
73181,0.22713567839173265
106893,0.1949748743716643
95135,0.23643410852689534
250,0.5232558139529652
46233,0.7122093023248691
61352,0.46834170854224516
78753,0.9374201787985517
36900,0.5124835742439028
20266,0.3999999999996
100210,0.5386934673361446
12736,0.5929648241200101
72307,0.8675675675667
88205,0.10945945945935
8442,0.17866666666648798
5266,0.7165829145721476
68454,0.2324393358873793
42471,0.2674418604648488
88656,0.006688963210695651
39599,0.5111695137971234
52067,0.787999999999212
36330,0.6912144702835465
64700,0.40135135135094996
45548,0.9135678391950663
25933,0.35504469987193105
15386,0.6270270270264
5678,0.663600525623515
64586,0.7238372093016017
42264,0.517333333332816
82239,0.30012771392051724
12472,0.7023411371230434
80615,0.1642575558474047
90894,0.3971902937416206
33993,0.7273901808778256
68985,0.6143039591309309
48858,0.7773333333325559
2365,0.26053639846717236
61432,0.24399999999975597
55956,0.6666666666659999
72981,0.5465116279064302
3931,0.9208472686724347
102498,0.22674418604628485
65577,0.555555555555
104607,0.5029069767436831
3574,0.026130653266305526
48736,0.874371859295608
17630,0.6683006535941028
92273,0.7939698492454371
88264,0.903010033443913
46131,0.2630906768835172
65601,0.7516339869273528
11263,0.13049095607222091
56695,0.993969849245237
52600,0.2196209587511739
5653,0.1308139534882413
23233,0.21156373193145728
102262,0.8675675675667
19938,0.04263565891468604
43484,0.6884422110545879
85166,0.014534883720915695
3085,0.9025125628131677
18921,0.8492975734346552
24771,0.36381909547702307
58897,0.38666666666627997
94516,0.08935611038098817
78453,0.3875968992244186
91211,0.7794117647051029
105987,0.2562417871219514
43111,0.2552763819092924
28487,0.6700581395342136
8124,0.30232558139504645
82311,0.2854271356781065
98877,0.44594594594549997
74159,0.9566360052552851
33511,0.15843023255798108
95473,0.015607580824956521
19725,0.31782945736402324
41003,0.7369093231154827
16427,0.3748743718589216
100963,0.3888888888885
52106,0.07095926412607884
39236,0.6893333333326439
44120,0.4099616858233448
105658,0.4520367936920578
13655,0.7366834170846904
26906,0.22666666666643998
88670,0.7871222076207635
10846,0.826086956520913
61451,0.4967320261432941
22909,0.1085271317828372
5603,0.005256241787116951
71995,0.29594594594564994
13659,0.7091503267966764
33676,0.4176245210723793
99479,0.8884422110543879
87944,0.9750328515101944
98866,0.07066666666659599
101832,0.114666666666552
41896,0.8862876254171738
3179,0.530523255813423
51753,0.3266443701223043
27493,0.5261627906971482
49726,0.9420289855063042
12631,0.41655716162901835
72865,0.8914728682161628
80074,0.8486486486477999
25077,0.38107752956597896
2911,0.013071895424823529
6033,0.5130813953483241
11734,0.5300127713915517
49339,0.9757343550437241
3717,0.4460784313721029
81240,0.7324414715711738
94153,0.077333333333256
78852,0.3656633221846956
54176,0.07035175879389949
65079,0.7608409986851786
42937,0.521333333332812
37077,0.8250319284793792
90291,0.7529566360045031
64253,0.529333333332804
56721,0.9531772575241304
14315,0.4003267973852206
71554,0.14773869346718893
83088,0.7675606641116206
14641,0.545333333332788
48788,0.47537688442163517
37948,0.16666666666649999
80385,0.6947674418597704
33468,0.9651162790688023
18095,0.7157622739010929
33431,0.1800766283523103
92258,0.45210727969303444
78347,0.8441890166019655
56274,0.6354515050160869
53441,0.8447712418292205
9495,0.6837837837830999
80729,0.037790697674380806
12433,0.1537450722731708
86376,0.8462532299733139
52615,0.4648829431433478
64847,0.15836526181337932
19409,0.43152454780318605
207,0.6090116279063676
68122,0.6577480490517391
92545,0.9003267973847205
95519,0.558666666666108
50682,0.6181353767554483
55649,0.8100502512554713
81728,0.4559643255290869
11486,0.37123745819360865
57854,0.8439999999991559
1370,0.8519999999991479
30096,0.6945945945938999
37053,0.9162162162152999
54074,0.029145728643186933
33195,0.608409986858787
102230,0.6140703517581798
45171,0.0077519379844883714
46872,0.6351351351344999
9345,0.77999999999922
82785,0.6002554278410345
48943,0.10594315245467441
106349,0.6240310077513139
21593,0.773981603152971
78571,0.1274509803920294
91788,0.16951379763452165
86361,0.8067567567559499
52065,0.5759999999994239
84555,0.12151616499430433
3855,0.2816537467697442
43401,0.001633986928102941
69390,0.7982162764763477
56654,0.37976346911919967
28773,0.5348837209296976
100080,0.7292464878664482
89691,0.8006535947704412
80744,0.022339027595247044
27515,0.1517587939696975
101721,0.7871222076207635
23643,0.41989664082645345
47182,0.4341085271313488
56109,0.39290407358699203
81489,0.10077519379834883
72660,0.31756756756724996
25454,0.472686733555826
89294,0.41666666666624996
74774,0.4462209302321119
30573,0.222666666666444
55258,0.118592964824002
5170,0.15708812260520688
88336,0.262666666666404
5643,0.12597547380143478
62813,0.7165829145721476
72060,0.45484949832730426
36505,0.7190635451497825
30556,0.7079999999992919
80742,0.6977660972397753
81442,0.5324324324319
84357,0.20178372352265214
8437,0.11957950065691064
89498,0.21199999999978797
52323,0.03417085427132261
6105,0.43918918918875
28306,0.5445945945940499
817,0.934296977660038
21262,0.0
101935,0.3025125628137678
84337,0.14176245210713792
14451,0.8097062579813102
16999,0.021621621621599998
106000,0.3856209150322941
54478,0.260174418604391
74663,0.37599999999962397
45704,0.39215686274470585
19643,0.8284313725481911
61567,0.6557161629428396
15631,0.469476744185577
41554,0.12027027027015
83039,0.8561046511619345
103446,0.0271317829457093
98345,0.22997416020648836
58781,0.13165829145715477
36507,0.49934296977611037
93968,0.6864864864857999
69970,0.6628352490414827
29264,0.557333333332776
72447,0.4216216216212
49490,0.7359999999992639
78217,0.39899497487397284
102159,0.7396984924615718
70273,0.02713567839193266
26338,0.7809045226122844
56176,0.8049095607227091
48531,0.441333333332892
87778,0.18459302325562935
31072,0.6984924623108593
102437,0.3608040201001417
74391,0.2413793103445862
99487,0.29069767441831396
1181,0.04723618090447537
98967,0.1800766283523103
40784,0.019157088122586204
13252,0.9474375821278304
35927,0.34671125975439127
10450,0.7788944723610302
26024,0.8020100502504541
85777,0.7810810810802999
79959,0.7015503875961976
42224,0.38952745849258613
79732,0.44189189189144995
13077,0.0038759689922441857
45919,0.6909323116212758
48481,0.011627906976732556
23051,0.9395424836591911
53396,0.41708542713526126
25990,0.8444767441852019
65930,0.6679438058741723
84275,0.8432432432424
55555,0.6110381077523456
13571,0.8854271356775064
19734,0.4927325581390421
99263,0.6755852842802608
40884,0.24933333333308397
76709,0.5968992248056045
91081,0.403999999999596
99608,0.46891891891844995
101938,0.9082687338492208
31299,0.14060446780537844
54312,0.1287779237843653
75331,0.8124999999991874
26718,0.9426666666657239
39625,0.7164750957847241
10154,0.7240473061753601
52480,0.857558139534026
86492,0.2630906768835172
67218,0.045333333333288
90249,0.9264705882343676
107061,0.8659658344275176
31114,0.9986859395522207
22242,0.558475689881176
103709,0.8346253229965813
25534,0.8888888888879999
11076,0.4770039421808633
59426,0.7055276381902492
40405,0.0783783783783
44754,0.22058823529389704
22684,0.2697881828313913
5801,0.9171511627897804
36924,0.1800766283523103
53384,0.9723837209292601
92712,0.9499999999990498
96901,0.2587209302322994
66228,0.890666666665776
6751,0.6544021024960603
16380,0.9493333333323839
67691,0.897435897435
69021,0.261984392418913
96902,0.8250319284793792
47769,0.857558139534026
31218,0.671999999999328
38635,0.2997416020668837
84440,0.10590858416934781
80700,0.49275362318791305
83305,0.2824120603012251
77004,0.23417085427112258
35493,0.40116279069727323
57640,0.8097062579813102
22467,0.3545751633983382
37776,0.4472972972968499
69920,0.07246376811586956
27536,0.9869186046501758
52622,0.22519509476008695
99130,0.17345597897485937
34826,0.37080103359136046
13530,0.4715762273897093
54219,0.3065326633162764
75359,0.01809045226128844
27285,0.673052362706862
22077,0.29594594594564994
90788,0.008918617614260868
104322,0.4954773869341778
32897,0.9493333333323839
55677,0.9889447236171015
42319,0.6190954773863155
92559,0.6308139534877413
29282,0.21999999999977998
65013,0.22609819121424415
4817,0.4244415243096938
37540,0.7658862876246522
68712,0.07035175879389949
56007,0.9575163398683235
47616,0.0067567567567499995
79058,0.5733333333327599
81738,0.5973837209296351
100015,0.6276477146036086
54572,0.7999999999992
49533,0.03575989782882758
101178,0.8541392904065045
95017,0.3344481605347826
105751,0.3337713534819264
78944,0.3562091503264412
2093,0.6104651162784592
105969,0.37889447236143015
104250,0.6503267973849706
83042,0.7095477386927577
1065,0.7165829145721476
37529,0.755778894471606
13780,0.5130718954243234
46453,0.24459459459434998
64631,0.5770348837203532
20384,0.8633165829137095
47912,0.26331658291430954
18,0.5517241379304827
77554,0.3656633221846956
15582,0.45994832041297673
99666,0.5432432432426999
79962,0.74459459459385
57979,0.8863346104716551
781,0.6333333333326999
65466,0.237185929648004
95252,0.9977703455954346
32661,0.07095926412607884
51127,0.031537450722701706
17798,0.5324324324319
39908,0.3888888888885
25867,0.583652618134793
21529,0.9356783919588632
28279,0.6373193166879303
11637,0.2426564495527586
64726,0.37466666666629195
74392,0.19899497487417286
15857,0.061306532663255274
97309,0.3701226309918261
37463,0.74459459459385
32071,0.9499999999990498
21323,0.9665551839455216
26312,0.5999999999993999
71930,0.3521681997368357
3492,0.32588699080125094
65456,0.9575163398683235
96936,0.5216080402004833
76724,0.4853128991055172
10868,0.45466491458561625
82591,0.37999999999962
35387,0.28607918263062065
38546,0.35540540540504995
89839,0.49999999999949996
14754,0.6232439335881379
48921,0.47765006385648273
5482,0.22666666666643998
105128,0.376756066410862
31526,0.17466666666649197
93278,0.47892720306465514
37389,0.7842377260974069
85513,0.524904214558862
71873,0.30992196209556516
14912,0.34108527131748834
81004,0.8904522613056421
43896,0.21656976744164388
14272,0.10954773869335778
10717,0.9587513935330434
64257,0.6567567567560999
11434,0.6878483834998695
66130,0.09640522875807353
35204,0.480946123521201
54695,0.9497487437176432
14350,0.7226666666659439
100672,0.44189016602765513
3169,0.9693486590028619
82931,0.749163879597913
92433,0.14666666666651998
24263,0.4381909547734311
14767,0.6162790697668256
10604,0.5129198966403139
100318,0.14170854271342612
75663,0.5663322185055651
43684,0.8743243243234499
30373,0.48148148148099995
17867,0.46220930232511914
33900,0.7939698492454371
29003,0.334302325581061
33694,0.25542784163448273
84087,0.6773869346726894
29852,0.2587209302322994
63545,0.007267441860457848
62292,0.9425287356312413
57258,0.0914158305461739
95073,0.6133333333327199
50685,0.6918918918911999
104221,0.28097062579793103
51911,0.28777923784465304
48975,0.3723522853953913
58430,0.4345930232553793
63383,0.4276485788109418
35526,0.052562417871169505
64270,0.06718346253223255
23285,0.02297297297295
89158,0.5597989949743145
77528,0.001633986928102941
38446,0.8853333333324479
19382,0.46511627906930225
17453,0.15843023255798108
39175,0.8940568475443255
102238,0.21220930232536916
85718,0.1526162790696148
24010,0.11866666666654799
54821,0.7516339869273528
13440,0.8482412060293024
11394,0.9899497487427286
23805,0.338666666666328
43147,0.8608108108099499
1333,0.5415070242651034
1639,0.8938953488363154
37376,0.6731266149864069
63387,0.4534883720925697
23614,0.9666666666656999
32136,0.40802675585243475
49294,0.7357859531765216
13594,0.331699346404897
42326,0.9687848383490868
82587,0.9396984924613717
62487,0.20178372352265214
61281,0.0999999999999
1204,0.9665551839455216
85035,0.6235465116272834
63270,0.7986666666658679
54681,0.2839999999997159
38823,0.1293199554067826
88510,0.5400788436262667
73301,0.740703517587199
97118,0.8146666666658519
56486,0.8763819095468622
70896,0.38113695090401156
9348,0.572351421188058
103274,0.5061315496093043
33539,0.530523255813423
91382,0.4460784313721029
42087,0.6276477146036086
38095,0.815075376883607
37681,0.8341708542705225
8143,0.9575163398683235
19535,0.47157190635404345
100274,0.1708278580813009
47783,0.5161649944253477
63781,0.8666666666658
96617,0.9183006535938528
75551,0.5015075376879407
17255,0.63999999999936
53787,0.22609819121424415
635,0.43137254901917643
85183,0.8656330749345348
103397,0.4723618090447537
82756,0.34189189189154995
100666,0.17700258397915114
50949,0.15836526181337932
28357,0.8528252299597253
45721,0.5059132720100066
56031,0.73648648648575
28691,0.9698492462301859
16837,0.07535121328217241
5685,0.20930232558118603
92766,0.16133720930216425
46208,0.897435897435
39047,0.024324324324299998
6910,0.845226130652421
70669,0.8480392156854264
49926,0.07066666666659599
67684,0.06257982120044826
22819,0.8837803320553103
64125,0.7923784494078803
15652,0.6301507537682141
23464,0.26470588235267645
29177,0.17587939698474875
35062,0.3052325581392296
68536,0.5540540540535
51118,0.7906976744178138
90260,0.0405405405405
60622,0.8710089399735861
72104,0.5147058823524264
7291,0.03718592964820401
68799,0.28863346104696547
26509,0.47537688442163517
96133,0.029374201787965515
64710,0.12567567567555
34161,0.6577480490517391
4172,0.5440210249666043
26504,0.015999999999984
42383,0.9609810479366085
48827,0.42248062015461624
62023,0.21621621621599998
53381,0.8633377135339592
42672,0.8054054054045999
40352,0.09199999999990799
98188,0.3517587939694975
55579,0.09689922480610465
95699,0.7252906976736933
22073,0.21216216216194997
7510,0.5767973856203381
61926,0.49999999999949996
12524,0.9731800766273793
30272,0.8100775193790348
84597,0.5763656633216087
82478,0.667999999999332
64991,0.6964520367929959
33087,0.1806020066887826
102366,0.8854271356775064
83565,0.1859296482410201
83122,0.14492753623173912
52131,0.09948320413426744
910,0.8914572864312693
5111,0.7516339869273528
54693,0.5098554533503442
98190,0.425064599482779
10111,0.5863991081376522
37371,0.4121447028419651
34857,0.1787994891441379
14501,0.5148648648643499
36005,0.23968784838326085
25749,0.984231274637649
78921,0.6729729729723
44951,0.781333333332552
14333,0.704522613064622
83840,0.06513409961679309
27079,0.021181716833869563
13278,0.24924623115552963
23037,0.9226130653257104
67764,0.4653266331653638
15310,0.9709302325571685
94802,0.35294117647023526
87951,0.5594315245472442
78943,0.06911928651052174
97872,0.32950191570848275
81410,0.979933110366913
50882,0.401333333332932
27223,0.0359477124182647
65094,0.9507537688432703
78051,0.53999999999946
70230,0.6925098554526583
14759,0.20671834625302324
59979,0.4804020100497708
43844,0.16081081081065
79018,0.15836526181337932
27232,0.19333333333313998
26744,0.38113695090401156
42401,0.46895424836554406
78332,0.051282051281999995
76194,0.5243243243237999
384,0.20284237726077906
63682,0.7994186046503633
49119,0.6395348837202907
54063,0.735142118862314
64585,0.15050167224065217
79519,0.9466666666657199
51401,0.5228539576360434
30357,0.422666666666244
13880,0.6599777034553043
58055,0.5898692810451617
45641,0.39970930232518165
21988,0.5516795865627557
54004,0.23692810457492644
24290,0.2545219638240349
77273,0.8592964824112008
76128,0.6298773690071738
65644,0.8617614269779564
79017,0.5129198966403139
101808,0.195999999999804
99951,0.9243243243234
60253,0.12040133779252173
94900,0.179487179487
48007,0.4638633377130709
98057,0.3127463863334586
47744,0.10512483574233901
98823,0.27738693467308945
101068,0.34034165571582253
102961,0.4572930354791747
74087,0.7470930232550668
7420,0.7536231884050434
70975,0.189189189189
105748,0.6705426356582441
42214,0.8382352941168087
13477,0.16081081081065
104778,0.6879084967313381
43685,0.6666666666659999
100408,0.9043927648569766
51947,0.9948914431663103
75354,0.2540540540538
15888,0.9575163398683235
33178,0.33333333333299997
101604,0.34099616858203446
11544,0.23015075376861405
58903,0.6470588235287646
41792,0.4112388250315172
93189,0.941176470587294
41555,0.9031007751928953
79590,0.4637681159415652
3426,0.17973856209132352
25278,0.6552287581692794
25008,0.6758720930225799
81536,0.5685618729091303
95607,0.8202702702694499
98558,0.25125628140678385
48761,0.29586563307463953
11198,0.882666666665784
2451,0.8639999999991359
46648,0.729729729729
51384,0.024324324324299998
62978,0.6972972972966
27721,0.02470930232555668
64172,0.0
77418,0.7109067017075676
72441,0.25195094760286957
29063,0.30552763819064926
18090,0.6321608040194683
2491,0.29960578186566617
70301,0.31673052362675863
52348,0.48692810457467645
82167,0.740703517587199
32365,0.20178372352265214
6896,0.9796511627897179
54908,0.013071895424823529
50459,0.15161649944243477
60554,0.21839080459748275
17023,0.9554069119276956
65066,0.06976744186039534
66344,0.8862876254171738
37911,0.13869346733654472
22161,0.6437908496725588
30356,0.15376884422095174
60676,0.860301507536828
31531,0.77999999999922
4843,0.9795657726682413
99733,0.2839999999997159
83507,0.04336399474371484
82773,0.5090439276480698
74473,0.11046511627895929
88188,0.21621621621599998
88215,0.8720930232549418
63735,0.15199999999984798
70619,0.1552287581697794
61200,0.2664437012260435
30655,0.038666666666628
65913,0.1800766283523103
54326,0.529715762273372
56131,0.26351351351325
58175,0.7136627906969607
98975,0.8729096989957825
94819,0.5012919896635813
90301,0.33999999999966
25780,0.274666666666392
60452,0.181333333333152
50411,0.12133333333321199
35018,0.9399999999990598
73380,0.3120915032676617
17467,0.9809045226120844
3094,0.8675675675667
9738,0.1293199554067826
44418,0.394666666666272
84598,0.618666666666048
93058,0.5879396984918743
101249,0.06633165829139095
3313,0.6257982120044827
98711,0.8183139534875538
27602,0.16795865633058138
49587,0.6090116279063676
80445,0.16985951468693103
39073,0.3455964325526087
77240,0.035175879396949744
64521,0.22819767441837643
14191,0.2739018087852558
84975,0.2810810810808
41952,0.3377926421401304
26320,0.49199999999950794
4556,0.10135135135125
15168,0.9259259259249999
26457,0.8160535117048695
59345,0.467112597546913
29189,0.831661092529826
71307,0.3104575163395588
71078,0.5878552971570349
3900,0.5016339869276029
22304,0.01470588235292647
38231,0.8813333333324519
81720,0.30552763819064926
81431,0.5432432432426999
583,0.826086956520913
53552,0.9879999999990119
84043,0.1813403416555348
16175,0.3754789272026896
34979,0.07702702702695
64150,0.7776162790689898
75806,0.8762541806011304
93116,0.9399744572148965
29562,0.47432432432384997
28371,0.5768844221099758
69331,0.32663316582881907
44586,0.4713567839191266
91778,0.11498708010324418
99087,0.025641025640999997
36336,0.8267973856200881
76742,0.083999999999916
103873,0.6569767441853894
41887,0.5506535947706912
36456,0.873850197108193
8347,0.4918918918914
105701,0.5718954248360293
18727,0.10266666666656399
48456,0.667336683416418
67345,0.6914572864314692
18115,0.4069767441856395
88646,0.1438953488370654
16889,0.557333333332776
12294,0.4101307189538382
83601,0.48255813953440113
73687,0.44316730523582754
51259,0.9144316730514482
69885,0.3716475095781724
45997,0.2270270270268
65402,0.717333333332616
24272,0.9974160206708371
26111,0.6110381077523456
14340,0.7923784494078803
106932,0.9499999999990498
10072,0.8659658344275176
42275,0.8423772609810697
12585,0.17386934673349444
19345,0.7594594594587
51382,0.24303232998860866
17188,0.6732026143784118
61288,0.20930232558118603
83262,0.71333333333262
86120,0.7906976744178138
71597,0.7959798994966915
56009,0.25540540540515
23672,0.6797385620908235
87182,0.19121447028404648
30917,0.8418918918910498
45016,0.5929648241200101
27513,0.083999999999916
23688,0.14974874371844318
91552,0.5294117647053529
36671,0.7805519053868673
61761,0.7839195979891657
85490,0.663600525623515
102143,0.21813403416535346
4545,0.6270753512126551
25878,0.47157190635404345
40704,0.595317725751913
88727,0.027870680044565214
21689,0.20703517587918993
53724,0.17345597897485937
23022,0.3869346733664472
77592,0.18265440210231407
77918,0.8120915032671617
94200,0.809333333332524
37600,0.3075376884419035
43202,0.1949748743716643
75128,0.857558139534026
47481,0.40522875816952936
80803,0.4738186462319655
97638,0.2541507024263103
67851,0.8604651162782092
69733,0.6683006535941028
96141,0.9698492462301859
72491,0.5799999999994199
77467,0.7002583979321162
61997,0.2887402452616956
34472,0.13165829145715477
69452,0.41025641025599996
105256,0.47043363994696713
38288,0.12645348837196657
61579,0.9796511627897179
81861,0.15942028985491302
91388,0.770854271356013
66355,0.5437185929642804
9772,0.3587385019707319
91345,0.3999999999996
89020,0.08666666666657999
47843,0.1426978818281739
40239,0.8310810810802499
7984,0.7356783919590633
12457,0.11457286432149345
48634,0.826086956520913
54494,0.32194480946091325
36007,0.04263565891468604
13859,0.5129198966403139
104132,0.10479375696756521
106444,0.49802890932933114
77743,0.18190954773851153
12930,0.045058139534838657
75523,0.9040697674409564
74575,0.7949748743710643
87066,0.5657726692203793
72953,0.7973856209142353
75330,0.0513513513513
35634,0.48255813953440113
32681,0.6702702702696
54719,0.4638633377130709
11158,0.9918300653584853
59927,0.07915273132656521
104545,0.9409141583045216
40117,0.4573643410848139
61413,0.3772609819117674
21715,0.3608040201001417
32714,0.5478927203059655
24981,0.5726744186040784
35347,0.6274509803915294
93329,0.713534822601126
62636,0.4827586206891724
81546,0.010335917312651162
98273,0.10643889618911827
7217,0.42401021711324133
93418,0.23521681997348357
37177,0.49949748743668637
64677,0.39215686274470585
17229,0.07333333333325999
97054,0.5310077519374535
79937,0.845333333332488
54263,0.31081081081049994
71751,0.9447236180895074
82528,0.2877906976741308
72064,0.4905239687843478
79587,0.06438896189218266
28466,0.561333333332772
78377,0.35466666666631197
46316,0.6459459459452999
36085,0.585333333332748
17461,0.338666666666328
68795,0.1192810457515147
92838,0.29208472686704345
7155,0.44594594594549997
18487,0.048531289910551716
66346,0.9553219448085057
99,0.7739463601524826
101572,0.10945945945935
89347,0.37499999999962497
68407,0.27432432432404996
49849,0.5516795865627557
33062,0.08935611038098817
57697,0.3216216216213
43349,0.5772669220939309
83428,0.0189189189189
105864,0.4771460423629565
15474,0.7923784494078803
27327,0.793103448275069
81606,0.9067567567558499
46310,0.41860465116237205
7460,0.5295429208467392
13550,0.12403100775181394
101547,0.4929757343545517
37085,0.29118773946331034
90070,0.7532679738554559
21549,0.21681997371857423
20421,0.823115577888624
85729,0.9226666666657439
94349,0.8256756756748499
97059,0.41733333333291595
74765,0.739825581394609
13726,0.8357424441515953
337,0.0513513513513
51845,0.6702702702696
58858,0.7107843137247793
46319,0.09364548494973912
55111,0.03819095477383116
11656,0.9337837837828499
78676,0.2732558139532151
60093,0.8088235294109558
91884,0.32183908045944826
51111,0.3255813953485116
17141,0.3218954248362794
58149,0.9675675675665999
61320,0.17241379310327587
1131,0.5473801560752608
22772,0.9308807134884782
43664,0.68243243243175
43501,0.7875816993456175
81414,0.9665551839455216
52958,0.6388888888882499
89750,0.14492753623173912
83877,0.053779069767388075
65308,0.13066666666653598
9200,0.5189189189184
23749,0.7810457516332058
13672,0.05226130653261105
74683,0.47972972972924993
53904,0.0378378378378
105146,0.0162162162162
40098,0.7816091954015172
54660,0.1021711366537931
93339,0.22742474916365213
106801,0.5348837209296976
26778,0.5295429208467392
72106,0.02837837837835
20868,0.25968992248036044
75989,0.29303547963177
105541,0.9945945945936
13843,0.4704570791522608
98710,0.49275362318791305
48313,0.34225195094726085
31664,0.6732026143784118
19568,0.5190538764777989
47754,0.015075376884407033
96276,0.02837837837835
95056,0.4380587484031379
92257,0.9405405405396
85089,0.9837837837828
20080,0.5117056856182174
52366,0.6773255813946715
43572,0.9106002554269309
29109,0.7554054054046498
52191,0.25728643216054675
62260,0.4653266331653638
47485,0.6002554278410345
52129,0.38666666666627997
59497,0.540229885056931
73830,0.020348837209281975
27949,0.6214470284231511
16537,0.47603121516117386
84391,0.9868593955312075
54134,0.523999999999476
13467,0.5016339869276029
86868,0.06891891891884999
95993,0.8010335917304651
60827,0.645226130652621
68151,0.4582914572859738
57843,0.29796511627877176
2809,0.6599777034553043
46015,0.7881136950896511
20238,0.20155038759669766
106281,0.1817168338905652
50264,0.015075376884407033
73468,0.6213333333327119
15834,0.23255813953465113
72045,0.5108556832689655
56366,0.9142441860455972
9996,0.5997770345590434
100234,0.5108556832689655
36929,0.22094508301382756
68444,0.22311557788922412
563,0.1608040201003417
80583,0.7049418604644113
103138,0.3311432325883679
65733,0.001633986928102941
32278,0.44459459459414996
88389,0.11957950065691064
56450,0.3027027027024
29640,0.43255295429165214
101098,0.8037904124852607
89131,0.7391304347818695
102285,0.16951379763452165
1174,0.23919597989925825
86355,0.10854271356773064
68228,0.22965440356721736
49846,0.31891891891859997
107146,0.49999999999949996
7072,0.9053876478308948
56520,0.6780551905380866
73045,0.597333333332736
28365,0.6405228758163528
68322,0.6111111111105
102037,0.89864864864775
18716,0.09948320413426744
67893,0.9226130653257104
81841,0.445333333332888
38298,0.9226130653257104
90742,0.10033444816043477
72516,0.18528252299587253
37424,0.4799999999995199
40673,0.9795657726682413
105362,0.837235228538739
64238,0.5597989949743145
35480,0.4261306532659055
84378,0.5879999999994119
2635,0.12486064659965217
63605,0.9531772575241304
45588,0.8464052287573235
46577,0.5567567567562
99481,0.13049095607222091
808,0.5938697318001723
36596,0.5530012771386552
60836,0.8909883720921322
27095,0.9005025125619135
78127,0.5059132720100066
32525,0.459302325580936
102468,0.007267441860457848
8884,0.012162162162149999
16939,0.16795865633058138
88921,0.29118773946331034
67854,0.7653333333325679
88238,0.2587209302322994
39425,0.03999999999996
23801,0.29738562091473525
4572,0.14848883048605388
56382,0.25728643216054675
11124,0.8442211055267939
45994,0.5161649944253477
85602,0.9144316730514482
104776,0.8462549277258291
49788,0.4084302325577311
29069,0.4393358876113103
75167,0.5418060200663477
64727,0.05025125628135678
36990,0.24019607843113233
8472,0.07915273132656521
21020,0.7950581395340885
22816,0.0013140604467792377
15066,0.9241917502777826
13058,0.7839195979891657
38179,0.70135135135065
42100,0.22630992196186955
89612,0.9425287356312413
64576,0.19638242894037208
106162,0.9534883720920697
20322,0.8604651162782092
2401,0.7583979328157789
9479,0.37333333333296
12406,0.4636627906972107
26699,0.663999999999336
56948,0.529715762273372
9085,0.5400788436262667
84168,0.270666666666396
102128,0.5045992115632273
453,0.19597989949729142
66887,0.48856209150277935
88581,0.017085427135661305
11297,0.9040697674409564
23061,0.7613333333325719
35290,0.3999999999996
79126,0.334302325581061
100424,0.8124999999991874
99590,0.9453333333323879
79363,0.8743243243234499
14879,0.6366279069761075
63376,0.15477386934657889
28444,0.6276477146036086
1687,0.3545150501668695
2805,0.9889447236171015
86217,0.8492975734346552
91622,0.019607843137235292
74692,0.20155038759669766
22137,0.9693333333323639
55905,0.4592964824116009
16878,0.25975473801534776
104755,0.8328488372084695
53967,0.20588235294097057
10164,0.5768844221099758
75949,0.3608040201001417
58759,0.5051679586558255
52757,0.7345597897495939
50056,0.4799999999995199
24815,0.27906976744158135
103539,0.6002906976738183
102891,0.14534883720915698
105114,0.9432432432422999
4702,0.6609724047299566
1300,0.4108527131778837
58992,0.7026666666659639
70748,0.9665551839455216
21924,0.16276477146026086
62586,0.8401162790689273
69942,0.8676470588226617
64693,0.3660130718950588
72381,0.939799331102739
44443,0.0801576872535335
61988,0.3366834170850904
69769,0.683389074692739
83105,0.45090439276440697
70937,0.6878483834998695
102976,0.6018396846248909
34980,0.44422110552719396
102923,0.9793281653736976
67750,0.780379041247826
89720,0.04623115577884824
50254,0.03197674418601453
61340,0.4905405405400499
105000,0.3793103448272068
78651,0.7891891891884
37221,0.6334610472535173
74552,0.503285151116448
20119,0.5108556832689655
49309,0.8249721293191304
53555,0.9919597989939828
69286,0.22742474916365213
20397,0.8472361809036753
42406,0.08804204993420893
27295,0.4169453734666956
89123,0.44315245477991855
8632,0.16133720930216425
56707,0.20804020100481707
14260,0.3901808785525814
23663,0.8621621621612999
30928,0.2428940568473023
78074,0.8673366834162181
6546,0.9667943805865171
6852,0.3831417624517241
73970,0.19767441860445345
44144,0.8954773869337779
19404,0.053266331658238186
60135,0.3968462549273298
59957,0.5054054054048999
88442,0.23517587939674972
44843,0.45994832041297673
96970,0.3337713534819264
31533,0.08935611038098817
23234,0.20178799489124136
29494,0.28243243243215
58974,0.7480620155031278
85477,0.8675675675667
13687,0.022875816993441173
3528,0.9014454664905571
86408,0.8378378378369999
12633,0.17297297297279998
53912,0.6343669250639651
23436,0.5986666666660679
36474,0.41216216216174995
9368,0.6027027027020999
10622,0.31621621621589996
60229,0.07915273132656521
57535,0.8436692506451511
18260,0.03197674418601453
100375,0.08935611038098817
6719,0.001633986928102941
84698,0.44666666666621996
77211,0.7516339869273528
76173,0.4743758212873048
98124,0.34865900383106896
64226,0.24999999999974998
42597,0.40740740740699993
20593,0.748743718592216
91129,0.6933333333326399
28266,0.31931668856735473
64792,0.768837803319793
64536,0.8853333333324479
23351,0.1800766283523103
34599,0.8442211055267939
60849,0.33205619412482756
75638,0.6732026143784118
8952,0.4422110552759397
17746,0.5098039215681176
90900,0.49275362318791305
3670,0.0800653594770441
101865,0.5108556832689655
4530,0.19843924191730433
65170,0.4771460423629565
9744,0.3889447236177015
39873,0.6891891891884999
91786,0.64189189189125
57820,0.001633986928102941
91877,0.8216276477137826
40613,0.3337713534819264
84749,0.4467805519049408
25907,0.7814938684496086
37232,0.5813953488366279
6210,0.2783919597987165
7938,0.8896321070225216
95412,0.7939698492454371
44476,0.9933110367883042
31793,0.3488372093019767
84765,0.800445930879913
64213,0.9224704336390248
28955,0.40579710144886955
18364,0.8896321070225216
38157,0.48786717752186204
106432,0.1830065359475294
32546,0.3405405405402
35523,0.9183006535938528
24024,0.998366013070897
96602,0.24924623115552963
45276,0.3245729303544717
8780,0.917333333332416
3428,0.3052325581392296
88887,0.6546666666660119
85306,0.7703455964317826
51200,0.6111111111105
9741,0.36337209302289236
105941,0.5718592964818402
101835,0.3095930232555043
80754,0.4682274247486956
51816,0.8252299605773613
13724,0.28666666666637997
28720,0.4244415243096938
64272,0.45484949832730426
105788,0.9376884422101175
67220,0.9003831417615517
60928,0.04069767441856395
58158,0.060446780551844936
16293,0.5770348837203532
13608,0.9053876478308948
37565,0.415075376884007
2344,0.9604086845456551
44877,0.42567567567524994
62709,0.9031007751928953
16477,0.07881136950896511
64979,0.8182831661084348
42339,0.7338501291982324
90112,0.5400788436262667
106386,0.02837837837835
42538,0.38071895424798524
77626,0.9970930232548167
21935,0.935999999999064
24877,0.8294573643402557
88325,0.8447712418292205
82182,0.5517587939692975
58608,0.4216216216212
78682,0.7536231884050434
106195,0.27201051248330216
8743,0.02890932982914323
59128,0.07066666666659599
55870,0.5773333333327559
12945,0.6909323116212758
65772,0.2054054054052
38756,0.24080267558504345
58762,0.6376811594196521
59866,0.8442211055267939
79358,0.2486064659975217
97545,0.2659883720927572
98879,0.8581081081072499
75144,0.563731931668293
15726,0.6867335562980869
83258,0.3869346733664472
29722,0.9117647058814411
21225,0.8702702702694
37385,0.6485788113688604
7776,0.4783919597985165
85049,0.06513409961679309
5438,0.2746386333768607
45836,0.04570791527308695
93302,0.9356110381068172
103757,0.1438953488370654
31211,0.4050251256277356
41452,0.21999999999977998
101536,0.6947637292457931
13279,0.8904522613056421
33464,0.26675427069618524
56130,0.595317725751913
16350,0.38492462311519293
104573,0.7794117647051029
61257,0.77999999999922
83150,0.6822742474909564
51218,0.29208472686704345
10030,0.19296482412041002
75294,0.5606641123876897
72392,0.9331103678920435
106535,0.5568475452190813
39072,0.41025641025599996
71774,0.23258869907992508
3813,0.8617571059422906
79029,0.5852713178288721
47657,0.5445945945940499
40796,0.41860465116237205
62226,0.1517587939696975
44770,0.3818646232435517
20967,0.14399999999985597
19530,0.4912790697669505
64597,0.8874371859287608
6049,0.954292084725913
39893,0.2158365261811379
69451,0.82412790697592
79504,0.22010050251234267
42596,0.545333333332788
69849,0.47733333333285594
38319,0.5015075376879407
28744,0.7591973244139565
6512,0.31758793969817484
85429,0.7011494252866551
22398,0.45484949832730426
73177,0.38190954773831154
67313,0.5977011494246897
69839,0.7369186046504258
11597,0.2552763819092924
76130,0.3899497487433286
18004,0.7068004459301739
91777,0.5648648648643
37778,0.993969849245237
42533,0.9119286510581738
14180,0.8904522613056421
31629,0.7091503267966764
38402,0.7095477386927577
60267,0.8426666666658239
89185,0.22296544035652172
8790,0.3748743718589216
92276,0.8554533508532838
37313,0.878666666665788
89912,0.9236180904513376
32844,0.7647714604228695
51184,0.24533333333308796
79150,0.08133333333325199
25238,0.23517587939674972
25505,0.4804020100497708
39320,0.20399999999979596
92590,0.8528252299597253
35742,0.11758793969837486
54874,0.7716216216208499
51835,0.4759999999995239
101025,0.8328488372084695
32035,0.278666666666388
104832,0.6911928651052174
96308,0.07493540051672093
89594,0.7107843137247793
51113,0.555999999999444
97964,0.3656633221846956
73407,0.5596432552948696
18136,0.2794117647056029
20781,0.9226130653257104
86581,0.5606641123876897
1141,0.5494186046506133
67867,0.5879396984918743
91354,0.5944767441854519
65023,0.2541806020064348
47815,0.9896640826863488
78565,0.11111111111099999
60513,0.4689922480615465
103024,0.7352941176463235
100646,0.5879999999994119
17208,0.38492462311519293
57658,0.7270270270263
26741,0.44459459459414996
26804,0.891999999999108
50177,0.9693486590028619
41831,0.9632107023401738
30193,0.335999999999664
25632,0.0874371859295608
65114,0.5778894472356029
75884,0.9581081081071499
91701,0.13409961685810343
63329,0.8415032679730147
78493,0.4723618090447537
50302,0.9796511627897179
39297,0.9409141583045216
86271,0.30945945945915
93965,0.15376884422095174
93018,0.2739018087852558
89674,0.9667943805865171
32657,0.07580824972121739
69309,0.4693333333328639
739,0.6683417085420452
52481,0.6864864864857999
99104,0.15843023255798108
69591,0.7354651162783342
47162,0.3511705685615217
43009,0.9405405405396
38346,0.26421404682247823
10816,0.9348659003822068
72013,0.3669250645991162
78283,0.5356783919592634
41660,0.897435897435
1166,0.2329988851725652
39181,0.5212418300648383
59263,0.911557788943812
104487,0.24533333333308796
91734,0.2976588628759565
86175,0.39869281045711763
76412,0.507246376811087
20616,0.5689189189183499
7844,0.3979933110363913
4995,0.2746386333768607
27159,0.0038759689922441857
78130,0.6002906976738183
104326,0.6123521681991247
44435,0.6703517587932993
84988,0.25999999999974
13069,0.6976744186039534
15486,0.9013333333324319
76480,0.6124031007745813
94250,0.5799418604645363
1856,0.8592964824112008
37078,0.6372924648780344
32927,0.3022875816990441
101015,0.402666666666264
14773,0.09640522875807353
89981,0.12418300653582352
52854,0.309333333333024
41491,0.8412060301499125
63546,0.20533333333312798
23877,0.19296482412041002
2149,0.37972972972935
9083,0.18390804597682756
78774,0.9040735873841156
99819,0.2865105908581304
61787,0.34671125975439127
66605,0.890666666665776
8298,0.7093023255806861
42299,0.4056847545215581
4249,0.5161649944253477
25742,0.3652618135373103
16651,0.4070351758789899
84877,0.8403575989774482
37553,0.36677814938647824
18573,0.9341085271308488
80133,0.1270270270269
84558,0.6960408684539654
50562,0.3971902937416206
11790,0.11371237458182606
66033,0.9476031215152173
11819,0.5597989949743145
6828,0.7871222076207635
46362,0.12151616499430433
1047,0.6291457286425869
34500,0.5486486486480999
47127,0.28378378378349994
23736,0.33333333333299997
60737,0.9106002554269309
4594,0.7286432160796733
29273,0.17345597897485937
46532,0.6683417085420452
6737,0.7919896640818953
23304,0.369333333332964
29593,0.44459459459414996
61846,0.34227330779020687
104922,0.5124835742439028
87475,0.97889447236083
7027,0.8097062579813102
87211,0.9809045226120844
18614,0.5638190954768231
94606,0.46078431372502937
106394,0.390666666666276
17033,0.2794117647056029
46062,0.645226130652621
83179,0.3895348837205407
44306,0.20533333333312798
3022,0.0077519379844883714
39701,0.2575558475687306
86774,0.23968784838326085
35156,0.9668341708533045
81341,0.6729729729723
83819,0.2107843137252794
70455,0.08133333333325199
53485,0.6162790697668256
23025,0.6623115577882823
4129,0.15768725361350852
95738,0.5045992115632273
19184,0.5108556832689655
15154,0.5841694537340869
61594,0.4467805519049408
103597,0.6743718592958079
64491,0.7079999999992919
23899,0.5506535947706912
31417,0.9628140703507959
61755,0.5606641123876897
34455,0.5919999999994079
94925,0.22713567839173265
91768,0.27648578811341856
12323,0.05519053876472798
72970,0.4572158365257241
27442,0.20066889632086954
30731,0.45484949832730426
102947,0.9369250985535965
10048,0.20178372352265214
7261,0.11918604651150871
37831,0.0013140604467792377
61159,0.9959999999990039
100500,0.5116279069762325
66747,0.6800445930873912
22855,0.06633165829139095
29650,0.031999999999968
96881,0.8785529715753487
47013,0.4119999999995879
19585,0.6215505913265794
30273,0.9014454664905571
91628,0.9391891891882499
79418,0.758666666665908
72730,0.7565359477116617
84753,0.14060446780537844
97421,0.911957950064791
45767,0.8544061302673448
9679,0.3933588761171034
88797,0.42656449552958614
1492,0.4730617608405256
55280,0.9308807134884782
9098,0.07024265644948276
101671,0.7790697674410814
89413,0.7005813953481366
84730,0.054666666666612
79999,0.5688442211049588
30862,0.502666666666164
35416,0.29434954007854924
46917,0.006385696040862069
92930,0.8639999999991359
58243,0.4771460423629565
100799,0.14814814814799998
60694,0.8265440210241405
71555,0.3217054263562674
19179,0.9533333333323799
50184,0.19771241830045586
5008,0.13066666666653598
17878,0.8066860465108211
81669,0.8473837209293851
77718,0.1356589147285465
39440,0.2824120603012251
4895,0.2056194125157586
71071,0.86111111111025
21702,0.4972129319950434
87491,0.5351170568556521
65486,0.4540540540536
25309,0.430150753768414
42323,0.5689189189183499
48639,0.278666666666388
73967,0.09199999999990799
65998,0.045333333333288
23198,0.4916985951463793
82664,0.9651162790688023
26094,0.73378378378305
37411,0.4728682170537907
65951,0.5879396984918743
35218,0.7516339869273528
35957,0.42575558475647307
84554,0.541708542713026
61197,0.44927536231839127
61094,0.18627450980373528
26711,0.4069767441856395
59195,0.47702702702655
49121,0.6109253065768695
40914,0.6834625322990581
47302,0.24904214559362067
98853,0.029715762273872088
103900,0.1999999999998
64853,0.7963206307482181
2554,0.9409141583045216
92599,0.07702702702695
25802,0.90135135135045
99452,0.063999999999936
55109,0.9897828863336205
21922,0.8793969849237436
93639,0.36482558139498394
99499,0.7055276381902492
75518,0.02837837837835
30710,0.14869281045736762
70028,0.05270270270265
101769,0.7648241206022501
37794,0.38071895424798524
96543,0.877369007802913
47526,0.1517587939696975
23159,0.3300653594767941
40146,0.06513409961679309
94847,0.7516339869273528
53362,0.2739018087852558
14037,0.29069767441831396
37453,0.44927536231839127
5647,0.25581395348811625
14673,0.9246487867168275
106600,0.9731800766273793
73748,0.6800445930873912
80308,0.8948751642566609
19383,0.7859477124175146
55496,0.8978288633452067
9225,0.18399999999981598
106906,0.20025839793261627
75394,0.5484949832770434
88551,0.22674418604628485
37699,0.5065326633160763
39763,0.934666666665732
70482,0.37254901960747056
25050,0.7212931995533478
17857,0.14599483204119768
58429,0.26633165829119093
49416,0.7005025125621135
61552,0.4472972972968499
49623,0.20930232558118603
44617,0.2824120603012251
27909,0.222666666666444
24871,0.51756756756705
20942,0.12746386333758605
103516,0.3612040133775652
69077,0.6867335562980869
15187,0.22222222222199997
3968,0.09706257982110343
46406,0.01470588235292647
95105,0.22296544035652172
49338,0.3953488372089069
64276,0.3626806833110696
4821,0.32183908045944826
40021,0.5310077519374535
83326,0.8595146871000343
42177,0.22093023255791858
70199,0.12388250319272413
48119,0.29457364341055814
13343,0.4922480620150116
11053,0.07095926412607884
11870,0.46656976744139383
35640,0.793103448275069
43612,0.1671511627905305
81628,0.7122093023248691
37574,0.8753768844212352
33387,0.542635658914186
3627,0.24273255813929212
83186,0.9737187910634152
99491,0.37450722733208275
59700,0.29599999999970394
16223,0.9432432432422999
64126,0.07535121328217241
42160,0.05519053876472798
69097,0.585333333332748
102364,0.7958656330741395
68107,0.14492753623173912
8108,0.5012919896635813
22927,0.8999999999991
59791,0.43669250645951163
100302,0.7427135678384532
61388,0.3748743718589216
57499,0.13377926421391304
106814,0.9185929648232019
46493,0.5129198966403139
101988,0.3527638190951246
3718,0.31668856767379633
97345,0.5628140703511959
44816,0.29844961240280227
15636,0.9432432432422999
14332,0.1356209150325441
20814,0.9839195979889658
9395,0.17441860465098835
29142,0.7969849246223185
44552,0.4393358876113103
49858,0.6308139534877413
23478,0.4793969849241437
101156,0.4047306176080052
17780,0.7894056847537325
40135,0.9198966408259535
90279,0.7235142118855814
9595,0.663999999999336
11287,0.8895348837200406
52334,0.029374201787965515
45378,0.13377926421391304
60285,0.6030150753762813
104931,0.10854271356773064
20338,0.28607918263062065
14294,0.558475689881176
81500,0.729729729729
26366,0.13725490196064705
15562,0.5356783919592634
77960,0.04521963824284884
61174,0.9226666666657439
12765,0.02837837837835
93396,0.06891891891884999
32026,0.2855297157619884
77586,0.8850129198957558
10668,0.941176470587294
84486,0.8217054263557674
98561,0.4782608695647391
15057,0.04013377926417391
62129,0.99296482411961
46701,0.67333333333266
35331,0.45484949832730426
3820,0.40675675675635
21476,0.134666666666532
81388,0.8113695090431162
65518,0.5015075376879407
25936,0.7814938684496086
58641,0.3868450390185652
39010,0.5862068965511378
10723,0.6802325581388545
28862,0.4573643410848139
59404,0.8793969849237436
51779,0.7085427135671305
60999,0.012771392081724137
55446,0.75810810810735
82958,0.9405405405396
103671,0.4985465116274084
70579,0.2746386333768607
21621,0.32329988851695646
40399,0.10594315245467441
66405,0.3065326633162764
40122,0.04347826086952174
105767,0.49277266754221416
67391,0.890666666665776
31052,0.15768725361350852
6398,0.6542713567832652
66954,0.699127906976045
99686,0.9013333333324319
14802,0.37254901960747056
96257,0.11756756756745
28401,0.7079999999992919
44017,0.4082687338497209
27168,0.3949748743714643
79508,0.16081081081065
76641,0.9500657030213889
101422,0.413793103447862
57776,0.5177398160310196
24347,0.2404730617606005
58970,0.7209302325574185
4306,0.24080267558504345
87525,0.358974358974
50287,0.21287779237823654
35911,0.4393358876113103
40403,0.49999999999949996
94371,0.6482558139528402
88677,0.21466666666645198
102789,0.6854271356777065
82807,0.3857302118167826
101560,0.6530880420492812
102214,0.34822601839649797
92213,0.6732026143784118
78847,0.44054054054009995
87625,0.739825581394609
59098,0.7306666666659359
95200,0.49866666666616793
13169,0.22860791826286206
52736,0.4152431011822391
31036,0.937333333332396
32733,0.3400222965436956
39585,0.467999999999532
65224,0.5025125628135677
34555,0.9474375821278304
35503,0.6124031007745813
91563,0.8439999999991559
64642,0.9527458492966207
25351,0.8948751642566609
60263,0.17973856209132352
6918,0.3953488372089069
49218,0.4592964824116009
99645,0.98513513513415
96340,0.4783919597985165
22938,0.699127906976045
7914,0.557333333332776
47223,0.6031976744180013
46877,0.36351351351315
102108,0.8279999999991718
67497,0.7174770039414639
2800,0.24666666666641998
77619,0.7732558139527151
82667,0.43115577889404116
47138,0.7743243243235499
78393,0.47567567567519997
7564,0.3088042049931209
33316,0.1954022988503793
67518,0.2056194125157586
76570,0.888517279820739
5453,0.22742474916365213
105472,0.6206395348831002
9,0.7533333333325799
65582,0.7286432160796733
104768,0.07751937984488372
44236,0.3061760840995624
30578,0.1694537346709565
28938,0.20289855072443477
38579,0.25466666666641197
95781,0.23066666666643598
44215,0.0945945945945
41530,0.4743758212873048
5456,0.8138238573013042
75529,0.5915032679732647
82386,0.9662162162152499
54766,0.7932816537459767
2689,0.0351351351351
90046,0.01404853128989655
72503,0.13797634691181995
96582,0.29324324324295
37143,0.77999999999922
49719,0.8798449612394301
11305,0.9337837837828499
38853,0.42837837837794995
30018,0.9693486590028619
89997,0.4047306176080052
76441,0.35540540540504995
63974,0.8386666666658279
5818,0.9420289855063042
93750,0.0675675675675
103189,0.29697766097210776
16117,0.024265644955275858
101288,0.9025125628131677
78644,0.8948751642566609
85356,0.5568475452190813
6264,0.04422110552759397
7677,0.7536231884050434
62883,0.21216216216194997
78514,0.6031976744180013
73040,0.45025125628095675
31444,0.7257525083604781
17921,0.8294314381262607
58623,0.2073578595315652
83516,0.24303232998860866
15353,0.44035674470413044
100110,0.29796511627877176
19879,0.7635658914721046
81914,0.750666666665916
54921,0.7536231884050434
11156,0.8502512562805568
47710,0.8081395348829127
75545,0.1213282247763793
86014,0.5829145728637386
15013,0.23116219667920687
7602,0.5098554533503442
9536,0.6773255813946715
9037,0.6867335562980869
67680,0.9868593955312075
40930,0.7688442211047587
22323,0.13165829145715477
26556,0.7675675675668
95977,0.8506131549601303
70938,0.4108108108104
71118,0.36582914572827735
65686,0.40210249671444676
13752,0.1315453384417586
74760,0.9464882943134347
4314,0.8480204342264827
59908,0.24080267558504345
43180,0.8341708542705225
36161,0.22666666666643998
77291,0.2739018087852558
74333,0.16219667943789653
32013,0.998666666665668
50705,0.9666666666656999
82354,0.9250985545325834
60823,0.15050167224065217
81132,0.15116279069752322
49721,0.7165829145721476
81135,0.979933110366913
68556,0.08684546615572414
51109,0.12027027027015
29436,0.7502787067996955
70014,0.19333333333313998
89999,0.7702702702694999
55129,0.4906666666661759
57625,0.6821705426349767
72056,0.02713567839193266
30958,0.5452196382423489
28837,0.19333333333313998
78812,0.3772609819117674
69050,0.2444152431009382
78026,0.480946123521201
74753,0.12581699346392647
84865,0.3902759526934336
10850,0.6343669250639651
103364,0.5424836601301763
20843,0.9698996655508695
95753,0.583652618134793
49437,0.6960408684539654
96961,0.4941860465111337
96265,0.945373467111652
90957,0.3908045977007586
9510,0.021024967148467803
62612,0.6781609195395516
46685,0.746386333770607
73471,0.9689922480610463
96293,0.085333333333248
27856,0.0874371859295608
86010,0.38071895424798524
85800,0.496482412059805
100478,0.22094508301382756
84480,0.14814814814799998
39977,0.23643410852689534
42904,0.21404682274226083
97388,0.24509803921544115
73786,0.009333333333324
32342,0.4542713567834653
19969,0.8326947637284137
35477,0.5778894472356029
60115,0.5232558139529652
29585,0.1718592964822402
36206,0.07662835249034482
65018,0.9055276381900491
84906,0.23915900131382128
67728,0.7516339869273528
53915,0.38058748403537923
28542,0.30232558139504645
19447,0.12771392081724137
87416,0.9470284237716627
7078,0.6821705426349767
64687,0.6891891891884999
26446,0.692307692307
5907,0.555555555555
69202,0.3405405405402
67936,0.6666666666659999
94444,0.9275362318831304
52945,0.38501971090631665
33725,0.7094594594587499
17587,0.2108108108106
41915,0.5029069767436831
73767,0.06911928651052174
15216,0.07364341085263953
106363,0.39846743294979303
101703,0.7248062015496627
75411,0.6308139534877413
57804,0.222666666666444
25148,0.73378378378305
9571,0.5348837209296976
57022,0.49808429118724135
99972,0.5620155038754069
51158,0.970588235293147
35954,0.57412790697617
97826,0.7881136950896511
99843,0.7457286432153346
90377,0.703455964324826
63783,0.45125628140658386
88725,0.004360465116274709
104039,0.5044699872281034
31961,0.8049052396870433
104009,0.23258869907992508
47318,0.6727989487509697
86974,0.9025125628131677
9421,0.8439999999991559
84516,0.4763729246483103
44731,0.8050251256273355
76057,0.5133333333328199
87073,0.008939974457206895
43289,0.111999999999888
100878,0.3104575163395588
4386,0.6623115577882823
38237,0.03924418604647238
75202,0.777777777777
101400,0.6925098554526583
107136,0.3502906976740683
30179,0.7959866220727826
36766,0.91333333333242
56597,0.23783783783759999
37426,0.2485465116276584
67271,0.45090439276440697
37507,0.01470588235292647
33863,0.9866666666656799
102791,0.4612352168195124
61814,0.6070959264120078
66968,0.024120603015051253
15746,0.3770270270266499
69405,0.11274509803910293
81775,0.2956636005253285
10874,0.3255813953485116
80486,0.5530012771386552
80102,0.4771460423629565
31570,0.9581081081071499
58348,0.7547892720298965
93731,0.26470588235267645
87697,0.3022339027592247
71238,0.4916387959861304
19955,0.44035674470413044
63568,0.8357558139526526
29279,0.6253229974153953
63613,0.29844961240280227
50050,0.8635135135126498
49381,0.5865633074929534
42724,0.11733333333321598
3748,0.14070351758779898
103567,0.31976744186014533
14418,0.998666666665668
92431,0.8341708542705225
89830,0.41608040200963414
69665,0.48442211055227935
82270,0.25675675675649995
28942,0.32329988851695646
52103,0.3075376884419035
49028,0.11300919842301445
73933,0.987080103358186
50783,0.8097062579813102
78350,0.6127450980386029
4902,0.8310810810802499
53013,0.523999999999476
76554,0.837235228538739
23980,0.158666666666508
41145,0.054666666666612
42225,0.03197674418601453
89264,0.897435897435
62543,0.30523627075320686
64809,0.925333333332408
11702,0.5756756756750999
55003,0.0733668341707809
94451,0.927999999999072
56327,0.2635658914726047
81325,0.27738693467308945
39310,0.31466666666635196
58708,0.5202702702697499
97817,0.06621621621615
53379,0.8094612352160104
79932,0.4069119286506521
63512,0.10399999999989598
20779,0.793604651161997
95212,0.0324324324324
59462,0.5770348837203532
87290,0.7369186046504258
11427,0.13537675606627586
62734,0.16081081081065
32888,0.1526162790696148
28020,0.67999999999932
107166,0.40740740740699993
34403,0.9961240310067557
39879,0.46432160803973666
42599,0.7055276381902492
65668,0.3027027027024
70872,0.048531289910551716
58351,0.6909323116212758
57847,0.422666666666244
24231,0.2934673366831236
73322,0.4082687338497209
87567,0.5738693467330944
83106,0.7437582128770486
62857,0.29054054054024997
6190,0.022875816993441173
76216,0.3135135135132
68017,0.2630992196206956
87105,0.5658914728676511
106867,0.34822601839649797
55927,0.8685939553210762
103438,0.4281045751629705
51124,0.889447236180015
12368,0.9949748743708642
86766,0.437185929647804
105444,0.8854271356775064
87040,0.7257525083604781
22916,0.0
50027,0.5473801560752608
81159,0.8854271356775064
58672,0.7009803921561617
30619,0.4793281653741976
33627,0.9106666666657559
50283,0.7976346911949973
52216,0.16276477146026086
59067,0.14492753623173912
14396,0.8591731266141279
11892,0.7837235228531738
16812,0.4743758212873048
5522,0.4929757343545517
1553,0.5039018952057391
68393,0.34302325581361043
56743,0.323999999999676
96945,0.8138238573013042
46038,0.1015075376883407
57272,0.9386973180067241
90756,0.16176470588219116
52367,0.7805519053868673
106160,0.8862876254171738
90017,0.21656976744164388
3398,0.13467336683403616
9373,0.6744704570784782
105247,0.7919896640818953
90087,0.6321608040194683
69444,0.21576227390159303
17257,0.7366834170846904
35505,0.023255813953465113
81005,0.3377926421401304
44186,0.22713567839173265
13463,0.8939974457206896
46564,0.054666666666612
79444,0.6808785529708953
99670,0.4328165374672674
11219,0.265440210249406
57773,0.9973718791054415
8456,0.6886304909553836
68047,0.14572864321593465
36885,0.7869346733660472
85280,0.19896640826853487
35496,0.08138238573013043
8287,0.4804020100497708
99197,0.6136950904386628
84028,0.6097240473055664
57813,0.3875968992244186
24111,0.20155038759669766
32341,0.335999999999664
11617,0.17432432432415
51488,0.7378378378371
54632,0.24273255813929212
92675,0.03718592964820401
25288,0.9125628140694392
60316,0.8135135135127
74303,0.36434108527095344
100457,0.7918263090668964
39057,0.24521072796910343
106818,0.5879396984918743
87856,0.36621621621584993
48380,0.0
88962,0.5473801560752608
30684,0.8178294573635232
34006,0.5686274509798235
39375,0.923999999999076
38271,0.03378378378375
103594,0.6162943495394625
65919,0.40210249671444676
32465,0.11494252873551723
95680,0.8239999999991758
21927,0.3006535947709411
82834,0.2875816993461176
86607,0.8862876254171738
23273,0.9152731326635216
86094,0.8449612403092325
39379,0.45977011494206893
59333,0.5051679586558255
89309,0.3036175710591279
36521,0.3901808785525814
20234,0.6780551905380866
42743,0.7597989949741145
50713,0.01809045226128844
50917,0.4099868593951222
56471,0.6764705882346176
50938,0.39215686274470585
98079,0.3949748743714643
45607,0.260174418604391
99068,0.36533333333296797
32866,0.6702702702696
86916,0.5994832041337674
21587,0.05882352941170588
92191,0.6437908496725588
103849,0.9832041343659418
38587,0.6053511705679565
72196,0.29999999999969995
6939,0.28352490421427584
27786,0.23643410852689534
34537,0.04780361757101162
58057,0.14970930232543167
70154,0.8528252299597253
91928,0.6343366778143043
40528,0.1293199554067826
12496,0.095999999999904
24646,0.9946666666656719
11256,0.8608108108099499
21388,0.8693467336674723
85853,0.9142441860455972
44259,0.03010033444813043
36591,0.3748743718589216
59439,0.9680715197946896
74647,0.6702702702696
4875,0.6569767441853894
6490,0.9898255813943589
28346,0.8762541806011304
651,0.32998885172765213
1618,0.8675675675667
13410,0.44459459459414996
106091,0.05829145728637387
57915,0.15505913271995006
28113,0.6713567839189265
71395,0.20284237726077906
96316,0.7054263565884419
13993,0.3457286432157346
49317,0.039018952062391296
45502,0.9425287356312413
93262,0.8891891891882999
17644,0.5440210249666043
52028,0.41602067183420927
103808,0.7875816993456175
20253,0.2733668341705809
22006,0.8529411764697352
80743,0.5886990801570985
93485,0.4728682170537907
44777,0.3366834170850904
6100,0.8854271356775064
79220,0.7391304347818695
56337,0.27162162162134995
11203,0.8633165829137095
21197,0.5202702702697499
84879,0.7279999999992719
27735,0.48799999999951194
40048,0.35319767441825145
21142,0.03942181340337713
17502,0.20135135135114998
74085,0.44186046511583715
104674,0.49741602067133717
43454,0.261984392418913
55533,0.3879396984920743
10115,0.27432432432404996
4005,0.29733333333303597
38690,0.277333333333056
76350,0.4367816091949655
33946,0.49999999999949996
88651,0.21999999999977998
6441,0.9757343550437241
29013,0.00666666666666
58126,0.04134366925060465
1579,0.25975473801534776
45737,0.5999999999993999
20715,0.37123745819360865
35446,0.13797634691181995
24700,0.6482412060295025
40662,0.8097062579813102
2825,0.8684503901886521
70461,0.6323529411758382
24568,0.8327759197316086
90464,0.04723618090447537
28517,0.5452196382423489
1466,0.7457286432153346
17097,0.6497093023249316
30017,0.6432552954285652
55539,0.85540540540455
59782,0.815075376883607
71033,0.043927648578767436
64496,0.085333333333248
40937,0.04422110552759397
94343,0.6764705882346176
10785,0.50666666666616
57477,0.8954248366004117
88509,0.5813953488366279
13448,0.9055232558130479
28448,0.9466666666657199
15736,0.5632183908040345
93766,0.022988505747103444
28790,0.14980289093283308
104620,0.8653333333324679
102286,0.375821287778862
40916,0.496482412059805
27594,0.4623115577884824
52570,0.08249721293191303
57700,0.6307490144540341
56086,0.6162790697668256
15381,0.03617571059427906
46128,0.7136627906969607
76957,0.24160206718322091
27584,0.7871222076207635
47349,0.7240473061753601
13242,0.5843023255808111
21958,0.644221105526994
82887,0.5359477124177646
106452,0.4750957854401379
8805,0.889447236180015
39780,0.6497093023249316
98329,0.5527027027021499
50527,0.5797297297291499
82425,0.91333333333242
23328,0.3390275952690433
43312,0.24080267558504345
62595,0.911957950064791
85134,0.7015075376877407
47366,0.8386666666658279
23299,0.1540540540539
106554,0.4460784313721029
30402,0.7157190635444347
82605,0.9665551839455216
91467,0.6504599211557227
87186,0.993969849245237
16903,0.016602809706241378
1913,0.4546615581093793
24210,0.2540540540538
72558,0.06847545219631394
63823,0.7267441860457847
37579,0.5297297297292
23677,0.006688963210695651
43647,0.7554054054046498
74682,0.027999999999972
61036,0.2931995540688261
68754,0.15964240102155172
4629,0.9042145593860689
45675,0.5834428383699816
87890,0.4060301507533628
69007,0.8854271356775064
107046,0.32194480946091325
57177,0.7647714604228695
58179,0.7175675675668499
59861,0.8777923784485309
52378,0.7324414715711738
77012,0.771999999999228
36232,0.7818659658336464
68330,0.9554069119276956
12004,0.7002583979321162
11504,0.4202898550720434
45682,0.43417085427092256
23369,0.002666666666664
9711,0.5689189189183499
87557,0.1297297297296
42759,0.47674418604603486
1961,0.11756756756745
79192,0.7385019710899317
65297,0.7493333333325839
90391,0.9868593955312075
31179,0.40270270270229996
85934,0.10135135135125
2233,0.3999999999996
104465,0.7296482412053004
97156,0.3514211886301395
21082,0.713534822601126
43222,0.8968023255804985
101903,0.7837235228531738
91631,0.5202702702697499
104772,0.36677814938647824
69306,0.197333333333136
2246,0.4405684754517558
55523,0.4901960784308823
35636,0.1077529566358975
58346,0.9839195979889658
97733,0.23521681997348357
54318,0.3545751633983382
10406,0.23745819397969564
73686,0.5568475452190813
23697,0.8364864864856499
28920,0.6566332218499564
74967,0.8790849673193822
22282,0.08147174770031274
46359,0.6998722860784827
100017,0.309333333333024
66476,0.48648648648599996
95495,0.767999999999232
39500,0.403999999999596
13256,0.4281045751629705
87733,0.22296544035652172
50150,0.23915900131382128
101746,0.663398692809794
43926,0.00405405405405
62829,0.6380813953481991
16572,0.1054054054053
19011,0.7254901960777058
34704,0.9877369007793911
52519,0.5518394648823912
29435,0.17973856209132352
14187,0.5748743718587216
25743,0.641261498028268
21024,0.376756066410862
91627,0.9198966408259535
24278,0.9586666666657079
51417,0.8810810810801999
59575,0.5019710906696688
38791,0.88666666666578
43295,0.6381909547732311
76291,0.1839464882941304
61760,0.10319767441850144
3559,0.2739018087852558
59749,0.5693333333327639
8520,0.7254901960777058
99593,0.170666666666496
19907,0.9743243243233499
55802,0.27906976744158135
49581,0.9667943805865171
63636,0.9157088122596205
68309,0.6666666666659999
32757,0.170666666666496
69987,0.555555555555
40061,0.7919896640818953
56151,0.13600891861747824
104281,0.008939974457206895
37146,0.19121447028404648
52784,0.891999999999108
22973,0.7346733668334361
52110,0.9945945945936
48457,0.2426564495527586
83878,0.9618090452251687
41602,0.6031215161643912
12922,0.8653266331649637
106228,0.26421404682247823
32284,0.32056194125127585
71166,0.836526181352931
61893,0.9256281407025919
82610,0.9591503267964264
9468,0.381333333332952
7366,0.4303232998880869
130,0.738186462323655
93873,0.5939698492456372
104680,0.5361366622859289
13871,0.8328488372084695
92467,0.17466666666649197
43810,0.2452619843921739
88262,0.22837837837814998
78513,0.771999999999228
33147,0.28378378378349994
39542,0.6601307189535882
86068,0.38783783783744996
17818,0.24346405228733822
49539,0.355778894472006
80464,0.19195979899478288
4168,0.7849246231147928
43550,0.31931668856735473
24085,0.170666666666496
102374,0.6764705882346176
23041,0.3436692506456511
73095,0.9744572158355517
74551,0.9642401021701723
58922,0.6245210727963103
54757,0.1661092530656087
86390,0.6127450980386029
49045,0.8763819095468622
63062,0.6666666666659999
45963,0.49199999999950794
3268,0.738186462323655
94045,0.017837235228521736
93471,0.40135135135094996
47014,0.5527638190949246
25463,0.3085427135675306
59914,0.3953488372089069
70929,0.9464882943134347
105229,0.845226130652421
55727,0.6650326797378969
68877,0.46533333333286797
36240,0.720588235293397
12342,0.8182831661084348
45781,0.1434108527130349
64221,0.387999999999612
25152,0.18666666666648
19946,0.8621621621612999
35848,0.341333333332992
50988,0.5090439276480698
81228,0.8418918918910498
70634,0.7973856209142353
62087,0.43137254901917643
83705,0.21621621621599998
28135,0.527999999999472
72269,0.7810810810802999
57765,0.42533333333290796
48237,0.381333333332952
60935,0.7973856209142353
96395,0.8189189189180999
17552,0.7941176470580293
6012,0.7457286432153346
32339,0.8439241917494347
100348,0.5685618729091303
18042,0.6301507537682141
96315,0.36381909547702307
29764,0.8927648578802441
23929,0.3677325581391671
77311,0.8662790697665755
70607,0.9412515964230689
30780,0.5247093023250566
80346,0.31653746769994184
98674,0.9979899497477456
81392,0.6911764705875441
97354,0.013140604467792376
81018,0.08442211055267938
67914,0.8863346104716551
73740,0.083999999999916
17349,0.021181716833869563
92248,0.1661092530656087
7410,0.66891891891825
38801,0.8964824120594049
2980,0.3953488372089069
8343,0.09587513935330434
4978,0.3837209302321744
17304,0.5133333333328199
97200,0.3386934673363447
29661,0.3784494086724205
90326,0.17477003942163863
46507,0.4086727989483429
29043,0.32041343669218597
10362,0.8710089399735861
98378,0.8502512562805568
106758,0.08442211055267938
51017,0.7369281045744265
79812,0.8621621621612999
13356,0.3718592964820402
55569,0.5172798216271304
65657,0.6933139534876788
51044,0.39970930232518165
66567,0.10594315245467441
46552,0.4509803921564117
46891,0.179487179487
63607,0.8620689655163791
38370,0.20588235294097057
57361,0.5522875816987941
36803,0.34296977660938105
39652,0.39910813823817387
98980,0.14825581395334012
39367,0.7175879396977748
42936,0.4836601307184705
103002,0.14046822742460868
53733,0.2428940568473023
64932,0.9642401021701723
14694,0.9989949748733727
22051,0.4793969849241437
86459,0.28133333333305194
6391,0.0770348837208532
66928,0.15477386934657889
49982,0.2189542483657941
100643,0.29501915708782755
56457,0.683389074692739
30800,0.5015075376879407
33516,0.8127090300995217
10149,0.9693486590028619
59814,0.4572930354791747
95253,0.11256281407023919
53569,0.20958751393513042
98810,0.6909323116212758
37667,0.46517739815985015
28177,0.503285151116448
38991,0.002666666666664
16662,0.7636566332210869
84074,0.34156976744151885
74835,0.9922480620145115
64707,0.8854271356775064
92839,0.6692506459941627
7848,0.1517587939696975
14932,0.9651162790688023
95426,0.8893333333324439
10705,0.4882943143807826
36497,0.7216216216208999
45194,0.25728643216054675
91760,0.7358738501963731
42730,0.3979933110363913
73723,0.1054054054053
106197,0.41424418604609736
68082,0.8265440210241405
18144,0.9026162790688648
80046,0.8010335917304651
11278,0.11601307189530882
80340,0.12486064659965217
13789,0.9665551839455216
70923,0.9499999999990498
102287,0.5813953488366279
91972,0.6360052562411511
34636,0.6886304909553836
15424,0.0826873385012093
27169,0.7246231155771649
44400,0.5595930232552543
61822,0.9999999999989999
72751,0.929333333332404
13516,0.1243243243242
106505,0.5652173913037826
76387,0.1287779237843653
15239,0.7279821627640434
103844,0.7559999999992439
53314,0.7645348837201656
39223,0.06641123882496551
9030,0.309333333333024
14079,0.08541392904065045
105615,0.13869346733654472
12812,0.8505747126428275
75439,0.6623115577882823
39088,0.5728643216074674
43363,0.029374201787965515
32020,0.9356783919588632
64754,0.35947712418264705
3089,0.5015075376879407
23362,0.6111111111105
84010,0.23066666666643598
28153,0.026130653266305526
38509,0.1405405405404
11368,0.49866666666616793
38142,0.053639846743241376
97444,0.12562814070339193
41034,0.9859514687091034
8873,0.6662286465170736
30735,0.9155778894463205
61272,0.1830065359475294
56414,0.7180232558132355
89014,0.21621621621599998
24736,0.820413436691686
36720,0.4648829431433478
83888,0.189189189189
55059,0.6098104793750869
50353,0.10552763819084923
1263,0.43627450980348526
9747,0.5065326633160763
100121,0.7892441860457222
101541,0.5363984674324137
107110,0.340703517587599
13870,0.7726098191206743
53841,0.8010335917304651
99366,0.3882503192844137
97714,0.059459459459399996
105818,0.31249999999968747
50824,0.3266443701223043
79245,0.49733333333283597
20566,0.6648648648641999
31568,0.7354651162783342
61681,0.5801033591725464
61035,0.6608108108101499
82910,0.3690932311618275
104534,0.7502787067996955
30508,0.29575163398663235
36852,0.10399999999989598
78740,0.6933333333326399
93787,0.02837837837835
99385,0.718592964823402
8541,0.688378033204931
40986,0.5133333333328199
59356,0.5841694537340869
24418,0.7165829145721476
73614,0.3337713534819264
27415,0.616080402009434
11105,0.8710089399735861
38620,0.11066666666655599
73791,0.2377260981909767
84218,0.4492462311553296
57917,0.14604236343352173
26115,0.8386666666658279
39220,0.965440356743739
86510,0.49934296977611037
2620,0.3025125628137678
80769,0.10206718346243022
63158,0.2839999999997159
68262,0.04993429697761103
75959,0.7216080402002834
11908,0.5596432552948696
82650,0.6270753512126551
67201,0.504522613064822
38281,0.998666666665668
94080,0.42732558139492144
26958,0.5516795865627557
12229,0.3908045977007586
7322,0.15453384418886207
101820,0.3251633986924853
58402,0.41608040200963414
53298,0.31884057970982604
55864,0.6704980842905172
80201,0.44020100502468534
27368,0.8357558139526526
51937,0.3879396984920743
75944,0.30954773869315777
17981,0.3908045977007586
36458,0.338666666666328
19330,0.4302325581391046
70747,0.9497487437176432
52093,0.0013140604467792377
48248,0.11601307189530882
30444,0.26281208935584754
100114,0.9453333333323879
75809,0.9693333333323639
83567,0.7411300919834901
22666,0.46911957950018784
49879,0.6040868454655516
63185,0.3627450980388529
71537,0.5310077519374535
84881,0.8310810810802499
11039,0.9142441860455972
2226,0.58607095926354
9498,0.5693333333327639
103461,0.11773255813941715
8026,0.8924623115568965
67743,0.6530880420492812
80470,0.7537688442203517
3702,0.3574244415239527
60275,0.6270753512126551
32622,0.970588235293147
30739,0.2432160804017668
87448,0.9796511627897179
98899,0.6257982120044827
89514,0.6270753512126551
10765,0.29885057471234483
76915,0.806833114322452
22471,0.4827586206891724
104758,0.5165829145723477
106834,0.6321070234107391
21256,0.5019157088117586
72448,0.21366279069746072
76560,0.5202702702697499
72417,0.529715762273372
76712,0.083999999999916
81087,0.5540691192859565
106580,0.13226744186033285
29575,0.9872286079172757
93875,0.5051679586558255
57554,0.9540078843617266
60491,0.29599999999970394
93238,0.7810810810802999
3821,0.3784494086724205
28650,0.7420178799481724
66585,0.16176470588219116
3771,0.18265440210231407
21931,0.5952693823909947
6465,0.9330065359467793
12104,0.008918617614260868
100297,0.015607580824956521
12303,0.6856187290963043
63834,0.5284237726092906
72813,0.23466666666643196
24228,0.8351758793961497
62072,0.8279999999991718
87548,0.13537675606627586
34142,0.04862023653083179
102479,0.31143232588667935
81878,0.4380587484031379
5322,0.45994832041297673
8225,0.13712374581926084
87700,0.2084726867333478
34160,0.6465997770339129
84726,0.3880813953484491
18698,0.3366834170850904
21961,0.8940568475443255
98296,0.14970930232543167
35011,0.309333333333024
72197,0.31699346405197054
52751,0.8683417085418451
2665,0.12899106002541377
13552,0.07105943152447673
74433,0.22733077905468965
55838,0.03819095477383116
3623,0.2261306532661055
18897,0.6264534883714665
97971,0.4264705882348676
54183,0.6623115577882823
36709,0.7814938684496086
45328,0.15945945945929998
45544,0.7279999999992719
88069,0.5678391959793316
38880,0.8986666666657679
29390,0.052562417871169505
17213,0.597333333332736
103211,0.8954773869337779
103784,0.9025125628131677
21672,0.9029374201778965
12667,0.8378033205611034
42330,0.022339027595247044
64762,0.054666666666612
38996,0.01937984496122093
81858,0.8027027027018999
63013,0.9362745098029852
97541,0.47733333333285594
94335,0.10144927536221739
27705,0.18137254901942645
27775,0.7484035759890344
90297,0.7175675675668499
17894,0.8432160804011667
89326,0.14244186046497384
14532,0.04570791527308695
29304,0.7816091954015172
60991,0.317333333333016
26862,0.4447674418600203
36231,0.15116279069752322
68918,0.7906976744178138
87020,0.7971014492745652
68071,0.1036789297657826
74517,0.2441471571903913
68399,0.36399999999963595
4125,0.7816091954015172
87538,0.7613333333325719
90505,0.809333333332524
26154,0.7905491698587241
94063,0.17345597897485937
4801,0.430150753768414
79421,0.47126436781562064
22506,0.061306532663255274
90383,0.5361366622859289
31996,0.07407407407399999
94098,0.9899497487427286
23918,0.9829145728633386
14872,0.6104651162784592
52194,0.5256281407029919
79112,0.5124835742439028
79767,0.024324324324299998
88807,0.21999999999977998
80213,0.610666666666056
97386,0.652173913042826
18855,0.45333333333287995
14420,0.6642441860458472
20050,0.13049095607222091
12401,0.9832041343659418
78505,0.703455964324826
39219,0.9737187910634152
23939,0.9466666666657199
16295,0.015503875968976743
38830,0.09199999999990799
63612,0.7246231155771649
13290,0.2732558139532151
53494,0.43255295429165214
5746,0.9163879598653042
30513,0.0013140604467792377
96344,0.7066666666659599
76550,0.857558139534026
15269,0.555555555555
47320,0.781333333332552
51950,0.11877394636003448
9128,0.1718592964822402
34285,0.4404069767437456
93842,0.20178799489124136
8487,0.5768725361360855
98151,0.6845466155804137
5934,0.13824289405670928
68794,0.678779069766763
11126,0.3856209150322941
77657,0.8633165829137095
470,0.24799999999975197
29040,0.890666666665776
92265,0.41989664082645345
29171,0.585333333332748
53105,0.24266666666642397
22797,0.3895348837205407
100238,0.23521681997348357
76873,0.8954773869337779
51495,0.27201051248330216
60063,0.04730617608405256
97666,0.5108556832689655
71208,0.9256281407025919
25864,0.6140703517581798
37431,0.6789297658856086
52917,0.4263565891468604
97589,0.021241830065338235
33482,0.5035175879391949
20425,0.30100334448130434
66723,0.1036789297657826
38765,0.22058823529389704
34844,0.5095477386929578
23794,0.7869346733660472
71459,0.09333333333324
104091,0.15359477124167648
891,0.5478036175705115
72288,0.5517241379304827
42364,0.7892156862737205
30967,0.7594594594587
16582,0.3337713534819264
42961,0.954022988504793
22874,0.31256281407003916
64063,0.023255813953465113
89992,0.8349673202606029
37817,0.07236180904515375
21008,0.7572674418597078
65846,0.45484949832730426
30491,0.894666666665772
10225,0.14938684503886954
946,0.2954292084723913
57835,0.16951379763452165
68530,0.21216216216194997
89954,0.9949748743708642
55861,0.31486486486454995
26313,0.9986859395522207
79078,0.08720930232549418
45288,0.3660130718950588
41449,0.11877394636003448
105992,0.6960408684539654
22657,0.6562814070345195
59879,0.6053639846737241
61469,0.39922480620115114
34052,0.7405405405397999
75633,0.5497487437180432
99091,0.02470930232555668
25249,0.4916387959861304
89585,0.15050167224065217
25639,0.2914572864318693
47314,0.8607095926404007
27762,0.5290697674413314
52628,0.13066666666653598
84293,0.469476744185577
68901,0.07490144546641654
90319,0.33999999999966
55559,0.0020100502512542715
16705,0.28294573643382553
79054,0.9632107023401738
8171,0.6944723618083507
59206,0.26281208935584754
52753,0.8620689655163791
99521,0.7554054054046498
59828,0.39816031537410906
66975,0.21199999999978797
33055,0.3809045226126844
11361,0.7891891891884
10272,0.18135376756048274
15838,0.10029069767431831
52127,0.9840116279059926
17172,0.781333333332552
61054,0.2588699080155098
92688,0.8071519795649654
25633,0.7675675675668
13746,0.3081395348834128
49271,0.7636566332210869
74219,0.4909560723509302
95641,0.04236343366773913
31442,0.17441860465098835
61505,0.47432432432384997
4848,0.8436692506451511
35411,0.014070351758779898
41728,0.21576227390159303
11289,0.9197324414706521
54303,0.11274509803910293
87207,0.52837837837785
50770,0.4199346405224558
19455,0.07915273132656521
79660,0.823115577888624
45640,0.3488372093019767
19680,0.917214191851908
80064,0.5210727969343447
45921,0.37123745819360865
102330,0.7162162162154999
104779,0.556783919597433
41647,0.28036175710566275
62255,0.8675675675667
69850,0.2664437012260435
59083,0.8333333333324999
29617,0.4827586206891724
68036,0.0945083014047586
34081,0.21486486486464998
7571,0.598978288632862
27687,0.29654403567417387
9248,0.09592641261488435
70304,0.08472686733547825
68494,0.8310810810802499
34488,0.413793103447862
91948,0.4405684754517558
83596,0.642666666666024
6539,0.44594594594549997
50333,0.8811369509035116
103218,0.6732026143784118
10795,0.8753768844212352
64519,0.011437908496720587
55023,0.49870801033541856
79698,0.30552763819064926
12137,0.3431372549016176
26981,0.2674418604648488
16418,0.0801576872535335
19562,0.18528252299587253
54980,0.017333333333316
8983,0.25726744186020784
44060,0.04993429697761103
40837,0.10799999999989199
50598,0.1293199554067826
96359,0.4119999999995879
106537,0.671999999999328
25890,0.2683417085424452
82625,0.3837837837834
6701,0.6886304909553836
8350,0.4264705882348676
82763,0.7441860465108836
101464,0.70135135135065
21356,0.934666666665732
39215,0.7385019710899317
67377,0.24221105527613968
28181,0.638666666666028
41563,0.50666666666616
26345,0.8706395348828502
16648,0.21999999999977998
31584,0.897435897435
1960,0.8710089399735861
9044,0.85540540540455
91655,0.6270753512126551
46682,0.1526162790696148
50998,0.5767973856203381
67563,0.7075163398685735
21973,0.007267441860457848
66386,0.7994186046503633
67164,0.11274509803910293
48558,0.40933333333292393
12620,0.6871008939967586
64680,0.298291721418887
63616,0.8675675675667
107035,0.9499999999990498
59071,0.8997093023246816
102880,0.7326633165821819
35126,0.6693467336676724
41487,0.2794117647056029
31091,0.13467336683403616
59940,0.7267441860457847
46433,0.114666666666552
31705,0.7336601307182204
80481,0.9474375821278304
12116,0.3678160919536551
35783,0.5085427135673306
2593,0.05236270753506896
47474,0.6837837837830999
52930,0.4351351351347
44350,0.8854271356775064
77265,0.2839999999997159
55073,0.384615384615
41302,0.9125628140694392
94253,0.31621621621589996
21658,0.33588761174934484
38103,0.14534883720915698
73971,0.0280970625797931
39871,0.362666666666304
78320,0.18492462311539296
11438,0.16795865633058138
59470,0.888517279820739
55759,0.9651162790688023
104592,0.6944723618083507
96295,0.0054054054053999994
56214,0.24521072796910343
89317,0.47892720306465514
99372,0.5124835742439028
47947,0.851851851851
92170,0.9065326633156763
1522,0.9125628140694392
49519,0.5562987736895217
83847,0.29118773946331034
25956,0.11036789297647824
54284,0.9974160206708371
75756,0.3277591973240869
46005,0.8684503901886521
95327,0.5869346733662472
67211,0.8573021181708259
57848,0.06131549609804347
62669,0.6851351351344499
103424,0.2746386333768607
6568,0.9007803790403478
20985,0.800445930879913
2606,0.109333333333224
51468,0.9933110367883042
58979,0.4949832775914782
44348,0.14728682170527907
97129,0.7136627906969607
106323,0.7746666666658919
83866,0.6744186046504883
59690,0.9609810479366085
77224,0.45333333333287995
55814,0.010512483574233901
423,0.7146666666659519
51386,0.1437908496730588
54584,0.4738562091498529
20650,0.17614269788165215
67619,0.6557161629428396
80649,0.38492462311519293
98240,0.8439999999991559
51543,0.8810810810801999
3995,0.6020100502506542
68167,0.5492772667537213
6440,0.6391891891885499
42990,0.8907469342243043
27893,0.085333333333248
292,0.3256281407031919
60869,0.8324324324315999
83757,0.5190538764777989
71190,0.49199999999950794
43134,0.7398160315367108
26387,0.771999999999228
41140,0.09461235216810512
41330,0.6732026143784118
59444,0.7369093231154827
30220,0.134666666666532
57850,0.54999999999945
68720,0.8186596583434652
83784,0.8255813953480116
75058,0.7485465116271584
9990,0.5111695137971234
70601,0.23691860465092585
496,0.11918604651150871
4219,0.547999999999452
20921,0.5908584169447826
63436,0.26532887402426086
102995,0.6192810457510147
46697,0.6002906976738183
105445,0.3074901445463416
17416,0.6864321608033337
100999,0.7658291457278773
89296,0.1773981603151971
74224,0.005167958656325581
88876,0.31155778894441205
76981,0.6666666666659999
16408,0.996732026142794
54241,0.1830065359475294
12554,0.9362745098029852
90727,0.810666666665856
28056,0.4467805519049408
5562,0.8070351758785899
80195,0.5843023255808111
87069,0.783999999999216
43216,0.9386845039009564
79579,0.9507537688432703
9937,0.6731266149864069
42856,0.8749999999991249
56247,0.29501915708782755
89203,0.9733333333323599
75302,0.2630906768835172
9324,0.0
88477,0.2135135135133
65720,0.095999999999904
83822,0.2365308804202628
106308,0.4682274247486956
88320,0.7971014492745652
3472,0.9003267973847205
43027,0.4835742444147595
77392,0.4472972972968499
41026,0.08935611038098817
34970,0.24221105527613968
85811,0.3999999999996
51037,0.47537688442163517
39911,0.6086956521733043
54621,0.6232439335881379
63702,0.23385012919873255
88917,0.3405405405402
15936,0.9783783783773999
68562,0.8472686733547825
82320,0.03197674418601453
95565,0.9404069767432456
98754,0.17345597897485937
61204,0.25466666666641197
94434,0.1517587939696975
62405,0.24799999999975197
65452,0.6198439241911303
35549,0.32194480946091325
105446,0.5532194480940591
29245,0.04723618090447537
40566,0.5179738562086323
77668,0.19195979899478288
65167,0.31772575250804347
25913,0.556783919597433
67005,0.4013377926417391
65537,0.7453333333325879
76894,0.20066889632086954
79304,0.6586666666660079
47879,0.45675675675629995
71762,0.34271356783885326
94313,0.877369007802913
23432,0.6874371859289607
96020,0.8592964824112008
95380,0.48110465116230955
76613,0.07105943152447673
90665,0.5486486486480999
77768,0.5202702702697499
83357,0.8896321070225216
70714,0.6425755584750473
89872,0.67333333333266
41797,0.5908584169447826
13868,0.3850129198962558
106550,0.5045992115632273
39844,0.10594315245467441
42075,0.1027027027026
62095,0.35294117647023526
70425,0.7726675427061918
78138,0.022875816993441173
25349,0.8924418604642238
86030,0.9719029374192067
11281,0.338666666666328
92556,0.7810457516332058
32183,0.026130653266305526
95511,0.32266666666634397
14000,0.8042049934288935
8192,0.053779069767388075
46625,0.9899497487427286
80759,0.638666666666028
53529,0.41891891891849997
39661,0.47157190635404345
18735,0.7849246231147928
43096,0.21366279069746072
35406,0.6382428940562093
19563,0.2819767441857645
44955,0.8314176245202414
51195,0.1293199554067826
104716,0.5648241206024502
78032,0.7170542635651744
54763,0.513797634690682
54472,0.21576227390159303
63165,0.7638190954766231
59237,0.8304862023644782
80008,0.167999999999832
41274,0.095999999999904
69397,0.7814938684496086
58538,0.6298773690071738
12556,0.21241830065338232
22194,0.03831417624517241
13877,0.34156976744151885
28486,0.47537688442163517
40470,0.2956636005253285
3803,0.653746770025186
27605,0.33999999999966
12596,0.9974160206708371
51958,0.2485465116276584
100371,0.5256241787116951
35292,0.979933110366913
106651,0.9680232558129854
67973,0.891999999999108
24261,0.555555555555
42465,0.016080402010034172
13861,0.15050167224065217
15827,0.9809045226120844
96979,0.26819923371620685
21464,0.5703022339021893
33217,0.638666666666028
31921,0.720588235293397
87306,0.03617571059427906
82440,0.7959866220727826
100467,0.029715762273872088
101153,0.6120603015069256
59418,0.7596899224798604
34456,0.927999999999072
78306,0.03575989782882758
60321,0.558475689881176
106857,0.23202614379061764
35073,0.051282051281999995
61217,0.643999999999356
40071,0.387999999999612
82248,0.45484949832730426
74965,0.8662207357850868
71583,0.9027595269373363
83997,0.30268199233686205
80322,0.9868593955312075
1386,0.5306577480485217
30888,0.004360465116274709
46174,0.33333333333299997
68484,0.04729729729725
17329,0.7310810810803499
93726,0.1526162790696148
14464,0.7412790697667005
67944,0.5014534883715915
95240,0.16081081081065
43653,0.1715686274508088
74712,0.6732026143784118
89456,0.2931995540688261
8122,0.47238372092976016
80123,0.2428940568473023
100955,0.2271241830063088
19190,0.9053876478308948
17483,0.9578544061293103
21509,0.8162162162154
67611,0.13824289405670928
91018,0.9738372093013516
11502,0.5129198966403139
41634,0.32183908045944826
58647,0.4906666666661759
397,0.08249721293191303
94236,0.11918604651150871
34471,0.5129198966403139
95449,0.923076923076
45263,0.4827586206891724
1312,0.9936143039581379
1701,0.053639846743241376
10211,0.6919999999993078
19877,0.17647058823511763
10820,0.858237547891862
48605,0.2661498708007674
105197,0.6683417085420452
101055,0.5889447236175015
72026,0.4108527131778837
40241,0.2661498708007674
21775,0.9573333333323759
2675,0.3110465116275959
44002,0.6562814070345195
42988,0.30395913154503446
1719,0.17700258397915114
44005,0.8810810810801999
293,0.0020100502512542715
67526,0.0038759689922441857
20436,0.8148148148139999
47583,0.9366925064590115
54329,0.32056194125127585
44312,0.5059132720100066
46747,0.14215686274495587
42297,0.043927648578767436
36740,0.8472686733547825
15115,0.5688442211049588
54215,0.36133333333297196
50632,0.8294573643402557
67796,0.6583442838363981
24974,0.6918918918911999
17987,0.9664082687328837
57932,0.19594594594575
58445,0.40301507537648135
71758,0.03010033444813043
27568,0.1979565772667241
77343,0.21839080459748275
74960,0.8346253229965813
71199,0.6046511627900929
63696,0.7067183462525232
7032,0.33333333333299997
23824,0.40051679586523253
30498,0.45333333333287995
71626,0.7572674418597078
45937,0.18840579710126085
58185,0.16351351351334997
63250,0.41860465116237205
93821,0.9987080103349185
75253,0.17700258397915114
105476,0.6570302233896188
94786,0.6201005025119426
64336,0.934666666665732
71947,0.9869346733658472
92182,0.3698492462307859
20086,0.9162162162152999
76618,0.10457516339858823
14910,0.0801576872535335
37519,0.7286821705419069
18587,0.5065359477119117
72152,0.8617614269779564
104014,0.7470930232550668
40614,0.4954773869341778
88400,0.7839195979891657
31994,0.7292464878664482
87528,0.7950581395340885
63934,0.11274509803910293
49409,0.11036789297647824
774,0.9946666666656719
32495,0.14189189189174997
88382,0.43313953488328777
15155,0.2839999999997159
93745,0.012162162162149999
27703,0.14572864321593465
75787,0.37162162162124995
90254,0.9748743718583215
13614,0.3999999999996
28304,0.44147157190591296
41678,0.8217054263557674
98764,0.47568988173408405
82284,0.394666666666272
31660,0.23366013071872058
67449,0.3300653594767941
32695,0.154666666666512
73704,0.541708542713026
13185,0.1864864864863
41481,0.4674329501911034
71990,0.0756756756756
64342,0.6039999999993959
52716,0.9095477386925578
23590,0.7559999999992439
19738,0.17599999999982396
81722,0.9897828863336205
43441,0.8186462324385172
56076,0.16557161629418396
36062,0.7790549169851723
93470,0.8010335917304651
57631,0.85540540540455
104065,0.7871222076207635
542,0.7260981912137441
22750,0.13537675606627586
65825,0.36133333333297196
63929,0.1950904392762907
71150,0.7986666666658679
82911,0.3226130653263105
65991,0.1999999999998
17471,0.836526181352931
96142,0.9684625492762982
20569,0.458607095925954
38497,0.9330065359467793
2685,0.6976744186039534
38408,0.7005025125621135
100635,0.42799999999957195
29619,0.647286821704779
63490,0.04570791527308695
83339,0.58607095926354
36539,0.815075376883607
79339,0.5424836601301763
72290,0.31653746769994184
3220,0.7260981912137441
81270,0.21839080459748275
35843,0.12483574244402759
44327,0.7458193979925651
30665,0.48110465116230955
1548,0.6360153256698621
75171,0.5300127713915517
99712,0.584967320260853
33884,0.1085271317828372
65379,0.3511705685615217
62016,0.927999999999072
35402,0.41407035175837986
42879,0.49509803921519113
74818,0.320630749014134
12495,0.12567567567555
20003,0.5133333333328199
22125,0.7271241830058087
70889,0.7826797385613088
2024,0.3311432325883679
95385,0.5767973856203381
80643,0.36434108527095344
86163,0.19333333333313998
67694,0.9752906976734432
26798,0.4905405405400499
81103,0.430150753768414
19085,0.31931668856735473
4898,0.2385620915030294
6355,0.46104725415024134
14518,0.8097062579813102
14647,0.48786717752186204
42001,0.961892247042402
77785,0.9426666666657239
35657,0.44189016602765513
56488,0.7170542635651744
21443,0.31524547803586045
84978,0.9689542483650441
89651,0.14687100893982757
79791,0.5908584169447826
97990,0.8270270270261999
71970,0.30954773869315777
92259,0.3517587939694975
63637,0.5133333333328199
85746,0.15762273901793022
72226,0.5366834170848904
8706,0.10174418604640988
53923,0.29054054054024997
21760,0.970588235293147
52327,0.7959866220727826
13615,0.3035479632060039
3156,0.21466666666645198
17888,0.8133333333325199
27794,0.5587939698486873
17951,0.2351351351349
106260,0.18459302325562935
86128,0.7065326633158764
78519,0.5978975032845532
103081,0.15196078431357352
8118,0.394666666666272
83982,0.48692810457467645
29893,0.5083612040128695
49405,0.5025125628135677
52266,0.270696452036523
36470,0.12645348837196657
1846,0.18265440210231407
3349,0.4127906976740058
93690,0.34302325581361043
50314,0.7011494252866551
186,0.27870680044565216
65432,0.8357424441515953
37728,0.21059431524526742
19567,0.010033444816043478
30657,0.35504469987193105
82531,0.0013140604467792377
22826,0.34459459459424996
22919,0.6372924648780344
87442,0.7146666666659519
104588,0.8633165829137095
64949,0.45994832041297673
63321,0.2746386333768607
44202,0.060810810810749995
85518,0.331699346404897
70363,0.160315374507067
38760,0.8049052396870433
99477,0.3337713534819264
41258,0.29885057471234483
88460,0.7849246231147928
49151,0.1021711366537931
96318,0.8627450980383529
15268,0.009803921568617646
39971,0.5849297573429655
68688,0.4783919597985165
106285,0.3666228646514073
3186,0.9337837837828499
39622,0.4139290407354599
77353,0.7868217054255696
88812,0.1860465116277209
6527,0.7969849246223185
59187,0.6211055276375698
61590,0.8884422110543879
56408,0.41608040200963414
94523,0.496482412059805
35641,0.5799418604645363
74177,0.7162162162154999
103345,0.8170854271348613
43538,0.2270270270268
28070,0.4492462311553296
18799,0.16081081081065
49071,0.04570791527308695
95746,0.9499999999990498
32734,0.5878552971570349
94400,0.41891891891849997
85387,0.42401021711324133
73483,0.36337209302289236
14503,0.01672240802673913
49355,0.9921156373183245
104699,0.7950065703014388
34977,0.2679738562088823
105745,0.9675675675665999
46195,0.03417085427132261
21807,0.5637254901955147
38567,0.17345597897485937
22107,0.4056847545215581
29812,0.22868217054240694
11423,0.15453384418886207
17429,0.7075163398685735
33210,0.5657726692203793
24307,0.2485465116276584
25930,0.6794380587477241
83021,0.6031976744180013
102384,0.7454780361749651
16069,0.558475689881176
89177,0.6653266331651638
14322,0.7354651162783342
47929,0.4549418604646613
95274,0.7034883720923197
91895,0.21516164994404344
30333,0.10135135135125
63018,0.031537450722701706
13130,0.04623115577884824
48136,0.21516164994404344
65112,0.21200510855662066
96303,0.36950904392727907
32221,0.6232439335881379
9939,0.1937984496122093
58276,0.5129198966403139
95046,0.8010050251248271
95608,0.469476744185577
5449,0.31931668856735473
60819,0.545333333332788
106929,0.3837209302321744
70887,0.1954022988503793
107168,0.3110465116275959
1665,0.4573643410848139
62485,0.12790697674405813
26165,0.11756756756745
54830,0.22211055276359698
98131,0.3809045226126844
11417,0.9638190954764231
54957,0.5029069767436831
16542,0.8459302325572935
46696,0.9665551839455216
23398,0.8666666666658
82966,0.62027027026965
98212,0.09461235216810512
47665,0.8541392904065045
71236,0.2914572864318693
23789,0.26633165829119093
52331,0.07679738562083824
42,0.9216216216206999
44162,0.3135135135132
89991,0.16951379763452165
86732,0.3502906976740683
97084,0.5658291457280773
96648,0.045058139534838657
43358,0.5693333333327639
33225,0.8265440210241405
100947,0.6526181353761034
30048,0.8756756756748
13538,0.675675675675
61920,0.4723618090447537
90739,0.13140604467792377
33099,0.021241830065338235
5687,0.7026666666659639
37971,0.7513935340014781
104107,0.442810457515897
15261,0.830150753768014
79583,0.54666666666612
12417,0.8385012919888255
42928,0.9897828863336205
81291,0.2107843137252794
44398,0.28093645484921737
64245,0.24729729729704997
62296,0.903010033443913
89490,0.793604651161997
27804,0.660206718345593
86896,0.7891891891884
31142,0.4031007751933953
100499,0.5571895424831029
41462,0.3656330749350349
11490,0.5190538764777989
41182,0.10610465116268458
88788,0.5606641123876897
85936,0.2404730617606005
25717,0.815075376883607
39604,0.405333333332928
2113,0.022339027595247044
19841,0.8863049095598371
85276,0.15843023255798108
38085,0.3199554069116087
33856,0.3953488372089069
16285,0.49999999999949996
102958,0.4954007884357726
32690,0.1274509803920294
65286,0.8120915032671617
87828,0.2746386333768607
72944,0.4677002583974651
47478,0.095999999999904
94238,0.8126614987071976
25276,0.13066666666653598
51125,0.222666666666444
59341,0.6270753512126551
37015,0.14869281045736762
48326,0.0
55339,0.9852941176460734
54809,0.7859477124175146
95448,0.6173333333327159
92455,0.7732558139527151
41479,0.8071895424828529
50990,0.6373193166879303
97606,0.30552763819064926
64386,0.063999999999936
59016,0.86891891891805
34793,0.07994186046503633
35103,0.6662286465170736
62419,0.68243243243175
44749,0.4333333333329
51217,0.5044699872281034
76088,0.618666666666048
50731,0.0542635658914186
21634,0.22094508301382756
99187,0.4853128991055172
74983,0.9722222222212499
74636,0.7366834170846904
70918,0.9824324324314498
48025,0.17113665389510344
1202,0.14687100893982757
29773,0.12418300653582352
104392,0.41608040200963414
36134,0.2271241830063088
56611,0.8621621621612999
98347,0.24266666666642397
76408,0.7336601307182204
43641,0.8473837209293851
75570,0.16081081081065
7090,0.1661092530656087
82189,0.888517279820739
48190,0.9105527638181848
4985,0.6972972972966
1702,0.9868593955312075
97091,0.19476744186027034
67132,0.9206030150744562
52003,0.0012919896640813952
60130,0.7547738693459788
52734,0.13725490196064705
54975,0.7240473061753601
79908,0.6845039018945217
75883,0.391999999999608
7708,0.738186462323655
20788,0.7948717948709999
29713,0.30620155038729063
2168,0.8592964824112008
19624,0.6642441860458472
15339,0.7547738693459788
63973,0.10174418604640988
104124,0.5678391959793316
82919,0.30546265328843475
57759,0.7728758169926911
30517,0.09587513935330434
67562,0.4836601307184705
60871,0.9497487437176432
73670,0.5497487437180432
12046,0.6276477146036086
29703,0.8811369509035116
57997,0.675675675675
104071,0.1817168338905652
23798,0.8573333333324759
63304,0.8216216216208
29328,0.6235465116272834
54042,0.9898255813943589
43085,0.7292464878664482
41458,0.5735294117641323
65632,0.016602809706241378
61938,0.10174418604640988
43481,0.016602809706241378
23810,0.21005025125607132
74207,0.5843023255808111
40078,0.8251256281398783
67888,0.5973837209296351
54635,0.7206030150746562
37281,0.02713567839193266
92696,0.9175879396975748
40103,0.4954773869341778
12388,0.3499999999996499
65827,0.5929648241200101
13632,0.08430232558131104
55474,0.06701708278574112
5448,0.009803921568617646
39340,0.6297297297290999
1321,0.048648648648599996
53096,0.9506666666657159
93846,0.6324324324317999
84889,0.3914728682166627
53938,0.2452619843921739
104973,0.5424836601301763
74968,0.7055276381902492
26581,0.4954007884357726
84369,0.30012771392051724
51684,0.36399999999963595
24583,0.45484949832730426
93592,0.699127906976045
80678,0.025641025640999997
34799,0.713534822601126
50595,0.7752234993606552
107043,0.255999999999744
81783,0.49936143039541375
8163,0.18533333333314797
65011,0.7663398692802794
88170,0.5658914728676511
18337,0.9777034559633477
72949,0.7971014492745652
70736,0.9728682170532905
96312,0.823115577888624
83629,0.2562814070349196
85060,0.5772669220939309
65661,0.2909698996652608
66651,0.3344481605347826
74786,0.5400788436262667
57298,0.806020066888826
42230,0.24648786717727586
20537,0.02890932982914323
97674,0.6090116279063676
65960,0.858237547891862
55108,0.24835742444127593
49101,0.6851351351344499
19384,0.3818646232435517
29553,0.21999999999977998
40469,0.9457364341075813
63625,0.33205619412482756
32081,0.27939698492434367
37229,0.37432432432394996
92189,0.3266443701223043
14893,0.9272030651331724
44609,0.252261306532411
63754,0.91999999999908
56244,0.07227332457285808
13791,0.3844189016598965
97514,0.08799999999991198
62715,0.03575989782882758
80723,0.18459302325562935
31649,0.1159420289853913
35868,0.2997416020668837
26020,0.6270753512126551
94291,0.529333333332804
63036,0.6886304909553836
71036,0.13065326633152763
49693,0.9697766097230774
7862,0.9244186046502383
106251,0.9948320413426743
6411,0.7005025125621135
2227,0.17587939698474875
12739,0.8851744186037659
13897,0.3027027027024
51843,0.7989487516417765
68337,0.26675427069618524
62399,0.44702842377216273
83642,0.46232439335841374
62576,0.7870680044585217
76355,0.8567567567558999
88532,0.5689189189183499
870,0.33999999999966
26067,0.31155778894441205
45412,0.6437908496725588
93632,0.2056194125157586
34710,0.19324324324304998
49010,0.6666666666659999
20800,0.023999999999976
91234,0.7190635451497825
106720,0.24924623115552963
39399,0.6297297297290999
30906,0.9068627450971323
55880,0.6347381864616896
86772,0.0324324324324
50257,0.6713567839189265
89524,0.8482412060293024
53238,0.8756756756748
8234,0.009803921568617646
106696,0.5108556832689655
29446,0.10077519379834883
23987,0.9027595269373363
64819,0.0657748049051739
35094,0.7647714604228695
45865,0.0013140604467792377
8562,0.2405405405403
75593,0.2753623188403043
8341,0.5784313725484411
59981,0.4467805519049408
87038,0.1304347826085652
60298,0.8396846254919329
660,0.2659883720927572
6334,0.7536231884050434
40173,0.3378378378375
60604,0.43627450980348526
77550,0.6994974874364864
34391,0.5773333333327559
65498,0.9302325581386045
12883,0.667336683416418
28396,0.095999999999904
20072,0.6599777034553043
29955,0.9162162162152999
93410,0.9337837837828499
19195,0.6715686274503088
86600,0.9632063074891812
11096,0.8088235294109558
100641,0.6206896551717931
2876,0.15849673202598527
98508,0.14729729729715
8183,0.7756756756748999
61746,0.3731931668853035
65016,0.29651162790668023
98667,0.6512562814063838
26907,0.44912790697629507
118,0.1293199554067826
17226,0.2673366834168181
101387,0.3524904214555862
2477,0.7616279069759825
42711,0.23385012919873255
45007,0.0542635658914186
16318,0.36399999999963595
86150,0.9470284237716627
8105,0.4392419175023478
29329,0.010050251256271356
24199,0.5567567567562
28490,0.9575163398683235
15922,0.07066666666659599
59384,0.2887402452616956
11373,0.2732558139532151
101542,0.14599483204119768
106469,0.21200510855662066
90450,0.49999999999949996
57117,0.2794117647056029
46768,0.6909323116212758
101203,0.19397993311017392
73606,0.7858081471739841
107050,0.270696452036523
92108,0.904522613064422
20429,0.16666666666649999
91152,0.5930232558133605
78479,0.3869731800762413
104962,0.3574244415239527
65927,0.0012771392081724138
29567,0.20958751393513042
3521,0.402666666666264
77782,0.7663398692802794
74900,0.007267441860457848
20583,0.38933333333294395
51369,0.9756756756746999
33036,0.0012771392081724138
1020,0.04924623115572964
81918,0.019607843137235292
71786,0.2732558139532151
29021,0.01470588235292647
42473,0.8385012919888255
76563,0.33648648648615
76009,0.48666666666617997
75090,0.40135135135094996
91847,0.458607095925954
78056,0.6253333333327079
22275,0.17866666666648798
64351,0.8914431673043448
101193,0.8863049095598371
49286,0.6856187290963043
89043,0.6079999999993919
41575,0.7101449275355217
105212,0.2552763819092924
796,0.6304909560717209
89918,0.5540540540535
26836,0.558666666666108
15916,0.911957950064791
66393,0.1027027027026
74777,0.987080103358186
215,0.45210727969303444
70103,0.9889447236171015
106169,0.25163398692785294
81879,0.683389074692739
25104,0.05226130653261105
37041,0.12399999999987599
91290,0.021241830065338235
7967,0.15708812260520688
61699,0.28607918263062065
11430,0.46732026143744115
99907,0.23901808785505813
15587,0.5006385696035861
17770,0.2839999999997159
51183,0.5179738562086323
10924,0.6504599211557227
5241,0.7079999999992919
79879,0.4432160804015668
57849,0.850129198965558
10135,0.5392441860459722
28930,0.26960784313698527
84980,0.5797297297291499
35035,0.3889447236177015
1544,0.05226130653261105
57299,0.9872286079172757
53790,0.3979933110363913
27413,0.993969849245237
38165,0.6347381864616896
48208,0.46732026143744115
56627,0.5899497487431287
65033,0.06718346253223255
62849,0.33205619412482756
53653,0.1432325886989369
49325,0.8505747126428275
72723,0.1135135135134
90690,0.7502787067996955
106400,0.37254901960747056
33103,0.5568475452190813
25088,0.9068627450971323
101515,0.874371859295608
97145,0.72837837837765
55520,0.4612352168195124
77374,0.07915273132656521
30393,0.3889447236177015
51247,0.26421404682247823
102444,0.13666228646504072
73823,0.75810810810735
77961,0.9019607843128234
92334,0.27519379844933717
20875,0.970588235293147
8968,0.39405684754482556
46253,0.4201787994887241
65138,0.9216216216206999
103803,0.25929648241180103
48240,0.7984496124023023
37216,0.19040697674399562
37070,0.9729729729719999
100791,0.7971014492745652
65296,0.7636566332210869
55217,0.8764783180017516
61439,0.9142441860455972
28910,0.7939698492454371
68977,0.8720930232549418
73799,0.5015075376879407
87205,0.338666666666328
24133,0.252261306532411
5545,0.3377926421401304
54239,0.5294117647053529
58376,0.9986859395522207
102502,0.40210249671444676
4217,0.06891891891884999
24943,0.9999999999989999
76677,0.8071519795649654
30672,0.3748743718589216
103813,0.22853957636543476
19301,0.7418300653587353
66545,0.1962209302323619
6418,0.4108527131778837
105393,0.3735465116275334
26256,0.15050167224065217
73036,0.23901808785505813
90905,0.8513513513504999
53703,0.4722222222217499
19896,0.0729729729729
38549,0.7413333333325919
50747,0.9651162790688023
7384,0.7636566332210869
38634,0.9063545150492608
2243,0.27616279069739824
34358,0.48320413436644183
9905,0.8863049095598371
2600,0.08944723618081507
30934,0.458607095925954
11956,0.069333333333264
65971,0.7803617571051628
41054,0.9786666666656879
86656,0.7647714604228695
96579,0.5083014048526207
468,0.47733333333285594
95086,0.12060301507525627
36410,0.02027027027025
61026,0.45977011494206893
49759,0.5658291457280773
18786,0.533430232557606
81012,0.7675675675668
19445,0.5245098039210441
50756,0.08783783783775
85673,0.8311557788936411
66960,0.6110552763812985
31365,0.36381909547702307
37640,0.6120603015069256
101325,0.5124835742439028
104267,0.48659003831368963
64787,0.48140703517539796
54097,0.8398692810449117
90089,0.4882943143807826
79611,0.7923784494078803
3872,0.2707535121325517
90845,0.23919597989925825
75838,0.758666666665908
16157,0.07236180904515375
21349,0.31653746769994184
34130,0.10594315245467441
83045,0.51756756756705
83033,0.7923784494078803
18190,0.01999999999998
98007,0.6909323116212758
95308,0.3216216216213
7197,0.6057818659652285
79403,0.0012771392081724138
7653,0.4689922480615465
59611,0.720588235293397
93070,0.6253229974153953
33837,0.12297297297285
86990,0.777777777777
38486,0.47892720306465514
49647,0.009803921568617646
49217,0.8346253229965813
89090,0.5386934673361446
6634,0.1324324324323
106711,0.22211055276359698
98643,0.3914728682166627
64122,0.0783783783783
95757,0.08666666666657999
52941,0.131999999999868
73928,0.33866279069733574
96735,0.3270348837206032
76375,0.07066666666659599
26187,0.3869346733664472
61250,0.21834625322975582
101730,0.46104725415024134
96681,0.13140604467792377
81672,0.9899497487427286
941,0.9479999999990518
73571,0.11918604651150871
102835,0.9011627906967732
84015,0.3311432325883679
15822,0.07580824972121739
26528,0.3656330749350349
34458,0.8028909329821143
22406,0.21834625322975582
77570,0.9356783919588632
60677,0.9837837837828
16163,0.667336683416418
58610,0.6656976744179388
87762,0.21576227390159303
48705,0.2664437012260435
78339,0.5386934673361446
27015,0.9891891891881999
63869,0.9869186046501758
32867,0.7107843137247793
18094,0.27702702702675
31953,0.1708278580813009
3489,0.8693467336674723
8990,0.24637681159395652
89863,0.40135135135094996
18547,0.405333333332928
75256,0.3837056504595374
93963,0.003999999999996
71978,0.8914572864312693
30679,0.3545751633983382
102609,0.30377906976713803
83019,0.9883720930222674
48135,0.4302325581391046
61409,0.6060301507531628
58564,0.7843137254894117
3946,0.019710906701688565
106020,0.7543604651155247
3723,0.3692509855449658
22108,0.8439999999991559
4674,0.7270270270263
4358,0.8243243243234999
31186,0.05813953488366278
136,0.48856209150277935
46915,0.7055276381902492
95526,0.9578488372083445
12145,0.4750957854401379
18631,0.13768844221091758
95178,0.4171511627902805
6569,0.8087855297149533
74472,0.11437908496720586
53618,0.9908015768715452
82117,0.23643410852689534
33139,0.635999999999364
101127,0.7113665389520344
78109,0.8772609819112674
71560,0.3692509855449658
4873,0.14974874371844318
38063,0.9796511627897179
1060,0.1426978818281739
45447,0.46133333333287196
14151,0.026130653266305526
79580,0.9680715197946896
37219,0.03104575163395588
84736,0.0359477124182647
15780,0.13869346733654472
82921,0.9356783919588632
40348,0.8499999999991499
74895,0.9816031537440906
93609,0.31034482758589654
60230,0.19594594594575
65745,0.27519379844933717
16278,0.8314176245202414
66171,0.9208472686724347
76515,0.683389074692739
87170,0.8479999999991519
104704,0.6768837803313793
95572,0.4084967320257353
41881,0.6934673366827235
30757,0.6293604651156497
83846,0.9025125628131677
72285,0.9055232558130479
29064,0.7675606641116206
5381,0.6764705882346176
83070,0.01672240802673913
7175,0.992732558138542
49176,0.6216216216209999
51188,0.8779069767433081
60730,0.17973856209132352
89396,0.442810457515897
50581,0.18135376756048274
9406,0.26098191214444183
16599,0.5693333333327639
69783,0.9148648648639499
27796,0.8431372549011176
592,0.8333333333324999
18133,0.47603121516117386
105112,0.7848383500549564
51799,0.8301404853120689
75583,0.4942528735627241
22160,0.47238372092976016
28229,0.1458607095924954
59965,0.47537688442163517
25798,0.1437908496730588
1799,0.7105943152447673
37007,0.007267441860457848
99962,0.026281208935584752
106489,0.8251633986919852
39063,0.09461235216810512
46435,0.46998722860744824
45589,0.5611038107747346
6956,0.41621621621579996
106021,0.6488294314374782
92285,0.9697766097230774
40437,0.3574244415239527
7039,0.10465116279059301
94842,0.4793969849241437
105806,0.9499999999990498
19957,0.8712220762146347
91743,0.3242894056844302
71819,0.69864864864795
71859,0.10620915032669116
77846,0.43152454780318605
75254,0.23918918918895
86699,0.6321608040194683
41680,0.15477386934657889
40684,0.22853957636543476
102752,0.5996732026137793
59996,0.017837235228521736
75002,0.0770348837208532
83944,0.44020100502468534
71542,0.9135678391950663
102795,0.7923784494078803
13533,0.58333333333275
86443,0.15942028985491302
72601,0.5683269476367241
48252,0.22666666666643998
59918,0.7554054054046498
70105,0.2839999999997159
36420,0.8591731266141279
72545,0.74459459459385
66628,0.704522613064622
87076,0.20930232558118603
56017,0.45994832041297673
36830,0.923076923076
61259,0.08527131782937208
106785,0.6276477146036086
102001,0.17571059431506975
41694,0.9527638190945246
59274,0.7986486486478499
69342,0.03378378378375
52666,0.7994186046503633
78739,0.7752234993606552
103615,0.9728643216070672
96522,0.8010335917304651
33713,0.6862745098032352
94194,0.42296511627864675
56624,0.2875816993461176
14026,0.7713920817361378
37800,0.7248062015496627
101163,0.47568988173408405
50282,0.6656976744179388
24359,0.274666666666392
37213,0.8333333333324999
27574,0.9819121447018604
18777,0.5129198966403139
32485,0.16351351351334997
95455,0.929040735872921
56526,0.09333333333324
9732,0.8633165829137095
63133,0.979933110366913
6017,0.13165829145715477
56227,0.820413436691686
81330,0.8884422110543879
14674,0.7279821627640434
83842,0.08138238573013043
59121,0.08720930232549418
4795,0.635999999999364
8699,0.403999999999596
62846,0.309333333333024
3664,0.5527027027021499
79101,0.2746386333768607
97114,0.5710594315239768
61736,0.49386845038969557
71338,0.815075376883607
75649,0.22965440356721736
47207,0.6031537450716702
69617,0.3748743718589216
92019,0.518666666666148
33803,0.24393358876093102
102709,0.41176470588194114
60644,0.008939974457206895
35921,0.683389074692739
53503,0.618666666666048
39017,0.27738693467308945
21033,0.37972972972935
7356,0.11148272017826086
63010,0.3748743718589216
105483,0.5949748743712642
48414,0.08660130718945587
34491,0.6871008939967586
98515,0.29599999999970394
44473,0.6702702702696
16918,0.8216276477137826
5705,0.21999999999977998
50265,0.2666666666664
69220,0.29118773946331034
54833,0.47702702702655
28549,0.2324393358873793
106607,0.15979899497471456
82444,0.7969849246223185
61201,0.5908584169447826
33681,0.729096989965826
10979,0.9820261437898675
17203,0.10077519379834883
75276,0.8863346104716551
46716,0.7718023255806236
27002,0.17333333333315998
875,0.9337837837828499
73244,0.5949748743712642
42973,0.5703022339021893
87462,0.7948717948709999
79246,0.26421404682247823
80060,0.4495530012766896
83791,0.14715719063530436
95066,0.19157088122586205
65369,0.18783783783764998
17234,0.6601307189535882
33597,0.4345930232553793
57641,0.2084726867333478
79712,0.3837209302321744
90671,0.1315496098103478
68092,0.6653895274578275
87841,0.1972972972971
26092,0.07535121328217241
19324,0.24266666666642397
64133,0.5452196382423489
64722,0.9961685823744827
67293,0.31782945736402324
13110,0.10854271356773064
15704,0.9019607843128234
90272,0.275999999999724
16320,0.9477124182997058
51605,0.330666666666336
57816,0.9474375821278304
10303,0.597333333332736
81915,0.20671834625302324
22954,0.4520348837204782
20905,0.009803921568617646
94219,0.6239999999993759
59383,0.9973333333323359
55882,0.6498708010329418
105848,0.5606641123876897
76012,0.01708278580813009
28343,0.6562814070345195
12621,0.01470588235292647
20544,0.6744704570784782
68058,0.783430232557356
45481,0.6867335562980869
43866,0.5351351351346
43638,0.331699346404897
78798,0.5597989949743145
51931,0.8212877792370236
81788,0.7174770039414639
39806,0.23783783783759999
104308,0.25542784163448273
23191,0.5889447236175015
58799,0.7432432432424999
74274,0.47537688442163517
97712,0.5865633074929534
62011,0.2552763819092924
97060,0.7356783919590633
6430,0.9198966408259535
42197,0.6213333333327119
33642,0.16053511705669565
34385,0.3281653746766744
56499,0.9820261437898675
103727,0.7136627906969607
22082,0.1925064599481279
5577,0.6059431524541744
18877,0.7170542635651744
72302,0.3266443701223043
48798,0.15843023255798108
95670,0.0756756756756
12360,0.7236180904515377
99919,0.27162162162134995
57548,0.49999999999949996
8498,0.35294117647023526
55369,0.68243243243175
64135,0.5216080402004833
96186,0.7939698492454371
88968,0.9898255813943589
16581,0.9638190954764231
69477,0.5618090452255687
60073,0.003999999999996
78470,0.8270270270261999
73934,0.23521681997348357
48728,0.06438896189218266
12948,0.4447674418600203
35801,0.009803921568617646
11714,0.6220930232551918
79286,0.381333333332952
61682,0.4432160804015668
67216,0.9277266754261418
28124,0.9243243243234
47487,0.01672240802673913
89951,0.18243243243225
39746,0.028423772609790697
51772,0.1877394636013448
74373,0.1999999999998
91542,0.9728643216070672
11693,0.11773255813941715
58395,0.9932432432422499
10213,0.4412060301503125
87308,0.5981912144696859
52212,0.7662162162154499
21565,0.1356209150325441
38272,0.5484949832770434
45624,0.8811369509035116
63049,0.9973718791054415
86283,0.635999999999364
61244,0.5415070242651034
84701,0.1837837837836
94243,0.9864864864855
79039,0.4916985951463793
54726,0.5606641123876897
52867,0.03919597989945829
7832,0.5202702702697499
48004,0.4349540078839277
52691,0.31621621621589996
94319,0.6039999999993959
14013,0.6030150753762813
66372,0.7892156862737205
22294,0.8733668341699808
14732,0.8515111695129461
105955,0.38107752956597896
57702,0.4330065359472794
89178,0.37333333333296
31050,0.5216819973713575
40074,0.6743295019150345
23085,0.934666666665732
8847,0.11274509803910293
43142,0.11432325886979368
24141,0.8173690932303448
75344,0.6276477146036086
44956,0.377333333332956
100259,0.9839195979889658
15289,0.9852941176460734
40766,0.6713567839189265
75727,0.29757343550417237
16710,0.0013140604467792377
3858,0.4211055276377698
51761,0.9803921568617646
57803,0.7069645203672299
18436,0.8773946360144481
21616,0.3065326633162764
40997,0.9226130653257104
72876,0.3322185061312174
98668,0.14303959131531033
17562,0.5348837209296976
53942,0.6308139534877413
7798,0.29303547963177
6728,0.10594315245467441
68182,0.06800445930873912
32206,0.627999999999372
2446,0.748366013071147
30812,0.923076923076
29775,0.1343669250644651
4146,0.598978288632862
10519,0.6123521681991247
66933,0.9526143790840146
94981,0.38398692810419116
95320,0.99296482411961
47430,0.8328488372084695
35069,0.13920817369079308
76488,0.9604086845456551
33904,0.5245098039210441
86619,0.9786666666656879
91955,0.9621621621612
6389,0.9936143039581379
12914,0.7450980392149411
78123,0.7637292464871034
59570,0.3299418604647863
10892,0.6644370122624348
31139,0.646517739815385
47002,0.16993464052270588
15376,0.8662790697665755
84669,0.269333333333064
28204,0.8294314381262607
49096,0.9651162790688023
95324,0.6243243243236999
46589,0.22058823529389704
16484,0.02713567839193266
92516,0.7939698492454371
88724,0.5906666666660759
65849,0.050666666666616
51527,0.809333333332524
60854,0.6054054054048
11279,0.22094508301382756
67908,0.6586666666660079
82313,0.5865633074929534
79035,0.8862876254171738
91010,0.43255295429165214
27611,0.9782886334600689
7952,0.5813953488366279
19379,0.338666666666328
66702,0.6998722860784827
2296,0.7770270270262499
28138,0.4901445466486557
551,0.6343669250639651
67795,0.8094612352160104
39137,0.8396846254919329
25040,0.2892441860462224
47656,0.277333333333056
53154,0.6914572864314692
73026,0.47892720306465514
50163,0.47157190635404345
17664,0.8540540540532
81237,0.3837209302321744
43288,0.5300127713915517
101830,0.9055232558130479
68661,0.2452619843921739
100832,0.1036789297657826
4191,0.845226130652421
62424,0.6298773690071738
40305,0.030150753768814067
54860,0.6922094508294483
92588,0.005167958656325581
76669,0.783999999999216
46395,0.03104575163395588
44253,0.07105943152447673
22443,0.6925098554526583
84100,0.29054054054024997
42951,0.6650326797378969
51210,0.5628140703511959
18367,0.43255295429165214
12437,0.14970930232543167
57121,0.15116279069752322
5477,0.8436692506451511
81334,0.37866666666628795
102259,0.9341085271308488
56973,0.1950947603119565
55634,0.7100893997438621
50796,0.18528252299587253
64854,0.5547738693461789
17212,0.3217054263562674
95586,0.355778894472006
96608,0.836526181352931
8178,0.2997416020668837
69463,0.6535947712411764
25843,0.9933110367883042
89879,0.42401021711324133
64458,0.022110552763796986
1825,0.15197956577251723
104937,0.5663600525618514
76514,0.668856767410632
67638,0.30552763819064926
32550,0.5874840357593103
2594,0.7273901808778256
104050,0.21220930232536916
15063,0.7003942181333337
7750,0.1170568561871739
78835,0.44316730523582754
62313,0.8148148148139999
79534,0.10594315245467441
10735,0.027870680044565214
66647,0.720588235293397
80698,0.24266666666642397
106237,0.5939553219442155
14230,0.36677814938647824
24699,0.5015075376879407
20670,0.22408026755830432
24398,0.32666666666634
28813,0.09698996655508696
90926,0.28777923784465304
21442,0.9999999999989999
15503,0.48692810457467645
104158,0.8662790697665755
11944,0.35294117647023526
54953,0.01909547738691558
100285,0.2775919732438695
92129,0.9554069119276956
86569,0.20945945945924999
51849,0.8020100502504541
59984,0.21333333333312
84169,0.21216216216194997
85915,0.12403100775181394
26350,0.36304909560687204
81869,0.5872093023249941
101771,0.6245210727963103
71107,0.7324414715711738
8127,0.01672240802673913
67433,0.6976744186039534
103885,0.5296482412055005
14634,0.45125628140658386
35211,0.9117647058814411
78895,0.28423772609790693
78807,0.8733333333324599
14540,0.38492462311519293
34698,0.783999999999216
103779,0.6773255813946715
9813,0.873563218389931
7716,0.652173913042826
70272,0.20178372352265214
98794,0.6013071895418822
5378,0.5045992115632273
75584,0.12533333333320798
65199,0.16833890746917388
69468,0.07227332457285808
53908,0.3449612403097325
97132,0.56081081081025
84136,0.6465997770339129
65196,0.4333333333329
101330,0.9651162790688023
45065,0.261984392418913
101372,0.22093023255791858
40945,0.01672240802673913
36818,0.7818659658336464
16262,0.7257525083604781
71302,0.783783783783
56867,0.689447236180215
31727,0.8862876254171738
22376,0.9497487437176432
93929,0.41569767441818894
18448,0.9554069119276956
29101,0.2054054054052
76956,0.022875816993441173
52458,0.9035175879387949
42922,0.90135135135045
16743,0.10029069767431831
29879,0.87702702702615
54016,0.7628140703509959
44531,0.1526162790696148
3780,0.4653266331653638
18492,0.07999999999992
43326,0.45210727969303444
97048,0.7971014492745652
102784,0.7470930232550668
78950,0.6806833114316451
69256,0.2753623188403043
71845,0.4345930232553793
23511,0.44189016602765513
41984,0.323999999999676
73207,0.8656330749345348
100220,0.8648648648639999
55424,0.5351213282242414
61058,0.6679438058741723
61570,0.9665551839455216
85636,0.24080267558504345
91625,0.5587939698486873
37965,0.35540540540504995
71595,0.29208472686704345
40247,0.30799999999969196
84223,0.052396878483782605
104638,0.7532679738554559
70859,0.84729729729645
12624,0.9027595269373363
100127,0.8863049095598371
54697,0.8314176245202414
36640,0.1438953488370654
63935,0.746732026143044
62422,0.8378033205611034
19138,0.5741360089180434
98037,0.4723618090447537
80946,0.21516164994404344
60171,0.08138238573013043
106524,0.7703455964317826
53120,0.20958751393513042
17020,0.545333333332788
96643,0.45210727969303444
20516,0.43378378378335
53943,0.6432552954285652
12422,0.6090452261300442
99924,0.4542713567834653
84727,0.7386934673359447
105231,0.7957516339861322
57263,0.8783783783775
70353,0.22674418604628485
33980,0.7378378378371
85067,0.6308139534877413
101473,0.5387596899219418
32806,0.7256281407027919
22737,0.2565359477121617
33701,0.6819923371640689
26272,0.56898817345541
20245,0.052971576227337204
57009,0.2506459948317907
70177,0.0635451505016087
80949,0.5065359477119117
68868,0.014070351758779898
3463,0.1608040201003417
22480,0.3879396984920743
51061,0.010033444816043478
42467,0.43466666666623194
22644,0.03919597989945829
77987,0.8825031928471379
38066,0.005025125628135678
74817,0.9328165374667673
33548,0.2043422733075862
55282,0.09324324324315
68474,0.4486486486482
28750,0.8863049095598371
100953,0.6291457286425869
9783,0.016080402010034172
88666,0.08147174770031274
95892,0.6608108108101499
45165,0.5516795865627557
88759,0.9632107023401738
42942,0.4773869346728894
45155,0.8464052287573235
93405,0.9356783919588632
40672,0.17877906976726307
59171,0.877369007802913
65048,0.984924623114593
96568,0.05829145728637387
55750,0.3780332056190344
94417,0.17700258397915114
98907,0.6304909560717209
26355,0.7614379084959705
75221,0.43255295429165214
81834,0.937333333332396
70358,0.6253333333327079
60686,0.18168604651144618
16970,0.73648648648575
105727,0.7107843137247793
27635,0.7994186046503633
22266,0.3212209302322369
72325,0.7100893997438621
73454,0.17297297297279998
61216,0.6173333333327159
15107,0.06718346253223255
20351,0.6705426356582441
7447,0.1950904392762907
27058,0.025542784163448275
52745,0.8030150753760813
97367,0.6644370122624348
80966,0.7513935340014781
76862,0.062499999999937494
101425,0.5108556832689655
41987,0.7507537688434702
41607,0.21405228758148526
24817,0.01909547738691558
18230,0.8333333333324999
24592,0.9651162790688023
26735,0.390189520623913
335,0.8743243243234499
23192,0.2043422733075862
70543,0.5678391959793316
52914,0.4875164257550972
93275,0.6925098554526583
53299,0.24399999999975597
73633,0.9651162790688023
6516,0.4827586206891724
62779,0.5400788436262667
37748,0.8304862023644782
32439,0.4905405405400499
26327,0.5735294117641323
72512,0.3216080402006834
34319,0.8472361809036753
71151,0.8659658344275176
75755,0.6702702702696
95040,0.8049052396870433
14016,0.614987080102744
64918,0.07622739018080232
54132,0.6878483834998695
15137,0.7647714604228695
16885,0.415830546264913
73850,0.15540540540524997
27701,0.7286432160796733
45458,0.9434954007874927
35206,0.18396846254909327
4690,0.14431673052348273
48327,0.08138238573013043
13359,0.6662286465170736
74847,0.30268199233686205
58263,0.8270270270261999
83921,0.013071895424823529
78541,0.529333333332804
89353,0.008939974457206895
46859,0.5440210249666043
43017,0.2839999999997159
33143,0.740703517587199
44724,0.7959798994966915
98313,0.264857881136686
18397,0.3212209302322369
33628,0.5952693823909947
83851,0.8066860465108211
59975,0.8608108108099499
90976,0.062430323299826083
17729,0.7039999999992959
103091,0.9052396878474782
48359,0.6627906976737558
52136,0.8382352941168087
92597,0.3863337713530959
102907,0.6713567839189265
31101,0.6856187290963043
72001,0.45210727969303444
26604,0.48255813953440113
32653,0.894666666665772
92403,0.78592964824042
19371,0.6031215161643912
33679,0.836526181352931
100430,0.4623115577884824
46581,0.8100775193790348
46918,0.836526181352931
1939,0.7175675675668499
65741,0.18265440210231407
64268,0.37066666666629594
5722,0.9474375821278304
52128,0.987080103358186
32782,0.23918918918895
55399,0.5256281407029919
67305,0.43919597989905823
27575,0.49275362318791305
10174,0.674113009197749
20288,0.7385019710899317
100583,0.4520367936920578
94644,0.6666666666659999
69259,0.131999999999868
66508,0.21024967148467802
75933,0.10479375696756521
73087,0.9733333333323599
62772,0.009803921568617646
7082,0.11957950065691064
14313,0.756898817344841
34351,0.8235294117638823
13661,0.9933333333323399
84983,0.011437908496720587
71650,0.8350055741351738
25289,0.04069767441856395
53203,0.635999999999364
104021,0.8756756756748
45430,0.06641123882496551
13936,0.1526162790696148
36331,0.5451505016716955
69153,0.47238372092976016
28211,0.4733668341703809
14716,0.7324414715711738
102105,0.9346405228748823
14825,0.4022988505743103
73448,0.7616279069759825
25227,0.44035674470413044
70935,0.5863991081376522
24046,0.6821705426349767
16283,0.31621621621589996
31587,0.974160206717372
21546,0.575250836119826
79216,0.09173126614977906
59515,0.1054054054053
21638,0.8030150753760813
106058,0.3949748743714643
83605,0.9035175879387949
36027,0.21576227390159303
97547,0.006459948320406976
35922,0.771999999999228
730,0.14211886304895346
91023,0.53999999999946
41874,0.84459459459375
63479,0.8905228758161028
53948,0.7891891891884
612,0.8854271356775064
44842,0.17702702702684997
88286,0.8318002628112575
19006,0.14534883720915698
15792,0.3025125628137678
31289,0.48837209302276735
5520,0.3741830065355735
102071,0.6111111111105
51757,0.9119286510581738
101502,0.29303547963177
86153,0.21105527638169846
53017,0.054054054053999996
35422,0.4916387959861304
47390,0.8341708542705225
6754,0.6656976744179388
15689,0.4003267973852206
60671,0.8541392904065045
91200,0.742666666665924
52291,0.16891891891875
64996,0.1972972972971
105948,0.4447674418600203
9304,0.0025839793281627905
80363,0.17432432432415
34303,0.771999999999228
90897,0.1781045751632206
6223,0.024509803921544115
30391,0.22864651773958736
32600,0.010335917312651162
22314,0.4723618090447537
46471,0.18475452196363953
62205,0.17889447236163014
9315,0.809333333332524
88242,0.7427135678384532
16829,0.9628140703507959
10937,0.4905405405400499
75185,0.635999999999364
2126,0.4031007751933953
66867,0.771999999999228
27698,0.37972972972935
69135,0.19121447028404648
28872,0.6867335562980869
73182,0.21216216216194997
99186,0.03718592964820401
53803,0.231999999999768
15957,0.9988851727972173
13066,0.9135678391950663
59759,0.5810983397184482
78727,0.49999999999949996
87613,0.29999999999969995
97014,0.06891891891884999
15607,0.8854271356775064
95372,0.375821287778862
13583,0.6424010217107241
21859,0.5478927203059655
37066,0.9425287356312413
20559,0.09246231155769648
28407,0.5879396984918743
22575,0.33591731266116276
587,0.9386973180067241
34019,0.5045992115632273
44046,0.5274584929752069
88009,0.8840579710136086
28935,0.2541806020064348
8002,0.7668341708535044
89504,0.9148648648639499
41174,0.5767973856203381
61524,0.5879396984918743
47615,0.5161649944253477
105017,0.24422110552739396
102282,0.8604651162782092
38116,0.03197674418601453
77889,0.7790549169851723
39771,0.011627906976732556
49032,0.02341137123743478
88482,0.6170854271350612
14111,0.891999999999108
86854,0.7726098191206743
60957,0.7609819121439417
39641,0.4454664914581616
42799,0.45733333333287596
12118,0.8326947637284137
51727,0.6201005025119426
15511,0.16053511705669565
98396,0.5596432552948696
82341,0.24999999999974998
59102,0.5049019607838088
9319,0.9824324324314498
76311,0.7918263090668964
88119,0.5261813537670345
88687,0.17973856209132352
2030,0.4759999999995239
93612,0.11494252873551723
11548,0.19607843137235292
12642,0.9651162790688023
99898,0.14942528735617241
105337,0.24221105527613968
71373,0.20178372352265214
79240,0.34034165571582253
2341,0.33567839195946325
70902,0.12483574244402759
96103,0.8398692810449117
41700,0.48666666666617997
7147,0.7058823529404705
7007,0.5972972972967
28257,0.22875816993441173
34787,0.7892156862737205
85535,0.4967320261432941
56441,0.6524547803611046
2699,0.6700581395342136
8631,0.6042363433661738
84841,0.2854271356781065
39509,0.47043363994696713
43930,0.56898817345541
47111,0.14303959131531033
49131,0.46104725415024134
90388,0.5596432552948696
94044,0.17441860465098835
9162,0.2732558139532151
82380,0.26633165829119093
9411,0.6879999999993118
98182,0.3502906976740683
90514,0.4592964824116009
31378,0.5721583652612413
45250,0.6240310077513139
9598,0.015768725361350853
97221,0.0513513513513
81497,0.8528428093636956
98919,0.6512562814063838
27463,0.061760840998624174
5343,0.16351351351334997
17970,0.20958751393513042
67267,0.9040697674409564
2920,0.001633986928102941
69177,0.22997416020648836
78678,0.7786666666658879
624,0.5839999999994159
93344,0.095999999999904
46833,0.8324324324315999
6484,0.731800766282793
34094,0.6434108527125348
68673,0.15376884422095174
102049,0.4189016602805517
78665,0.008918617614260868
30774,0.6078431372542941
71388,0.8617614269779564
18098,0.9080459770105861
61249,0.13869346733654472
37708,0.43919597989905823
64796,0.49999999999949996
31522,0.23643410852689534
15285,0.6909323116212758
94412,0.7946666666658719
59543,0.34610472541472415
3384,0.8094594594586498
37901,0.8082497212923913
4160,0.5098039215681176
92593,0.252261306532411
36246,0.1817168338905652
95420,0.641261498028268
100479,0.3735465116275334
79834,0.652261306532011
50875,0.38071895424798524
87895,0.938953488371154
30615,0.8643410852704534
59995,0.7358738501963731
96199,0.9479999999990518
13289,0.20703517587918993
29169,0.9029374201778965
36913,0.6576227390174302
25147,0.7923784494078803
61781,0.24799999999975197
22565,0.7358738501963731
7300,0.02713567839193266
24634,0.5689189189183499
79365,0.9308807134884782
16978,0.12418300653582352
29800,0.5900131406038778
41469,0.8617614269779564
77934,0.675675675675
69715,0.19767441860445345
2744,0.6059431524541744
18563,0.6511627906970232
96077,0.541392904073046
23587,0.7364341085263952
10769,0.053639846743241376
75143,0.6445945945939499
38952,0.1324324324323
92487,0.005025125628135678
92852,0.7892156862737205
33741,0.2775919732438695
33902,0.5658291457280773
8387,0.222666666666444
47210,0.9498327759187826
46410,0.7168338907462174
100548,0.8010050251248271
840,0.08010335917304649
16871,0.5537688442205517
69437,0.8499999999991499
80467,0.9632107023401738
39798,0.4793969849241437
1323,0.9645203679359605
106370,0.5886990801570985
41262,0.35733333333297596
12529,0.0959302325580436
44727,0.384615384615
52761,0.09253065774795652
25451,0.4816053511700869
73342,0.6692209450823448
51204,0.585333333332748
50219,0.23366013071872058
19132,0.753512132821724
49538,0.6307490144540341
53730,0.2404730617606005
83910,0.5504469987223103
29115,0.897435897435
41208,0.37999999999962
45546,0.48191214470236043
24811,0.215075376884207
45037,0.8559999999991439
75843,0.14492753623173912
25941,0.5834428383699816
94261,0.655523255813298
19173,0.8807189542474851
48509,0.40135135135094996
93072,0.7135678391952662
58237,0.5012919896635813
74013,0.03918918918915
75227,0.9869281045741765
74340,0.6211055276375698
52427,0.21156373193145728
76151,0.5506535947706912
47316,0.013071895424823529
55460,0.1860465116277209
97175,0.6854271356777065
38989,0.8439999999991559
10205,0.9796511627897179
82051,0.011627906976732556
35157,0.9256281407025919
3684,0.9063545150492608
62742,0.8480204342264827
74496,0.9897828863336205
75673,0.42567567567524994
15522,0.7532679738554559
13945,0.959302325580436
1132,0.22674418604628485
35054,0.5226130653261105
21891,0.6199999999993799
28508,0.29949748743688637
99815,0.6380813953481991
22532,0.9901960784303823
58976,0.5568326947631723
16774,0.5517241379304827
98786,0.5133333333328199
46517,0.29629629629599996
17633,0.9754521963814534
11745,0.9463601532557585
84784,0.7881136950896511
71139,0.5775193798443837
104770,0.015999999999984
89719,0.8905405405396499
5742,0.6666666666659999
37390,0.29844961240280227
45416,0.8763819095468622
30994,0.3537688442207518
104066,0.6932432432425499
13560,0.9486486486476999
94239,0.15540540540524997
39032,0.7095477386927577
95684,0.8328488372084695
64663,0.33588761174934484
42612,0.41608040200963414
69293,0.8710089399735861
100463,0.6090452261300442
104864,0.558475689881176
79177,0.70135135135065
69146,0.01470588235292647
51569,0.6231155778888241
35303,0.6503267973849706
38169,0.5810983397184482
26110,0.3656633221846956
66133,0.837235228538739
3140,0.2324393358873793
29193,0.43895348837165404
66040,0.6891891891884999
67577,0.26098191214444183
75311,0.8620689655163791
8345,0.21599999999978398
90116,0.405405405405
46161,0.3748743718589216
84368,0.8416945373458695
78423,0.1949748743716643
56887,0.5032679738557059
10505,0.3120915032676617
83449,0.7958656330741395
75064,0.18135376756048274
45316,0.33243243243209997
81514,0.18729096989947824
17823,0.28266666666638396
45536,0.9737187910634152
81655,0.4612352168195124
6158,0.5188953488366904
3300,0.9356110381068172
81142,0.017333333333316
18928,0.25193798449587207
61741,0.771999999999228
81049,0.9999999999989999
45626,0.08720930232549418
64241,0.7303921568620146
25516,0.2674418604648488
72170,0.11658291457274773
100821,0.36381909547702307
100960,0.9513513513503999
104637,0.5164257555842404
80263,0.6018396846248909
40346,0.31457286432129344
51405,0.9418604651153372
96165,0.9356110381068172
62043,0.7587209302317993
104120,0.2663398692807794
25968,0.5148648648643499
91802,0.458607095925954
7133,0.9609810479366085
18262,0.6819973718784245
36397,0.7139208173683792
64608,0.8994974874362863
45205,0.9793281653736976
25746,0.71216216216145
2804,0.5929648241200101
10138,0.8952062430314347
30962,0.4573643410848139
71016,0.5400788436262667
8465,0.5484949832770434
59750,0.5596432552948696
94078,0.36231884057934777
30547,0.07915273132656521
69169,0.9428104575153969
48894,0.6986666666659679
64141,0.27090301003317385
33295,0.24563953488347526
55670,0.5108556832689655
13345,0.2270270270268
99022,0.14999999999984998
55163,0.060457516339808816
71695,0.7993311036781304
37627,0.5772669220939309
36532,0.12418300653582352
38401,0.9767441860455347
65083,0.467112597546913
98493,0.57412790697617
23491,0.015607580824956521
47409,0.7177522349928964
73059,0.07881136950896511
38282,0.7358738501963731
78331,0.9341085271308488
41343,0.16666666666649999
19089,0.15066666666651599
50730,0.8186462324385172
29709,0.8643216080393366
17481,0.9519999999990478
80830,0.6666666666659999
5293,0.7324414715711738
22072,0.6254927726669172
70083,0.5374677002578604
82737,0.30395913154503446
84345,0.5658914728676511
58697,0.3660130718950588
39276,0.860301507536828
39945,0.3562091503264412
33739,0.5356783919592634
3954,0.34227330779020687
16658,0.9474375821278304
57750,0.15768725361350852
20077,0.4793969849241437
86803,0.1860465116277209
2956,0.11494252873551723
72623,0.7516339869273528
16102,0.5044699872281034
21732,0.8896321070225216
67154,0.4303959131541034
54507,0.3880813953484491
86594,0.8294314381262607
35692,0.8850574712634827
65734,0.5879396984918743
18208,0.17466666666649197
104960,0.23366013071872058
98614,0.1337209302324244
12300,0.17700258397915114
77125,0.14773869346718893
104456,0.8042049934288935
19143,0.8863346104716551
42960,0.3537688442207518
29258,0.8924418604642238
44894,0.3748743718589216
4672,0.3081395348834128
69189,0.33333333333299997
59597,0.8854271356775064
4210,0.6386333771347095
62642,0.86202365308718
55902,0.6301507537682141
33596,0.6858237547885861
88952,0.07162162162155
25537,0.04013377926417391
93630,0.5773333333327559
56945,0.9208472686724347
89831,0.1513513513512
28455,0.15196078431357352
101881,0.15979899497471456
99064,0.7324324324316999
2793,0.39864864864824995
59290,0.3935340022292608
6529,0.6933333333326399
102926,0.7003942181333337
91793,0.6176470588229117
33522,0.38350055741321737
20955,0.26421404682247823
92720,0.26755852842782607
57316,0.9645203679359605
53863,0.6644370122624348
4669,0.7926421404674348
28736,0.8097062579813102
49200,0.5124835742439028
66982,0.41608040200963414
96637,0.2575558475687306
41900,0.5261627906971482
81511,0.320630749014134
88616,0.5364864864859499
9190,0.28666666666637997
34235,0.2733668341705809
27646,0.15050167224065217
39697,0.11066666666655599
58532,0.711557788944012
28966,0.507246376811087
35518,0.12597547380143478
103877,0.12645348837196657
30623,0.7536231884050434
86938,0.8307493540043371
65653,0.043216080401966825
88180,0.02297297297295
62795,0.1552287581697794
4105,0.14687100893982757
78024,0.8175675675667499
32038,0.10251256281396784
53792,0.2324393358873793
55852,0.18390804597682756
57315,0.4099616858233448
9790,0.23901808785505813
17167,0.5453384418896207
3719,0.08933333333324399
75499,0.16858237547875862
47165,0.6878483834998695
73307,0.48786717752186204
41648,0.6688963210695652
69039,0.9839195979889658
105121,0.5400788436262667
43914,0.9043927648569766
71009,0.4948320413431744
95183,0.6046511627900929
30480,0.358666666666308
53988,0.32056194125127585
79258,0.5116279069762325
90968,0.3590116279066177
42384,0.5784313725484411
83707,0.17700258397915114
4101,0.9598662207348261
56912,0.8020100502504541
60741,0.7165829145721476
25120,0.07358738501963731
10721,0.2839999999997159
56580,0.8972972972964
101869,0.480946123521201
445,0.7516339869273528
20685,0.5545335085408384
23309,0.7892976588620869
77783,0.49509803921519113
63074,0.35755813953452614
107081,0.21220930232536916
70761,0.028140703517559797
73498,0.3706395348833503
31250,0.18265440210231407
72200,0.6767001114820433
51071,0.8684503901886521
40842,0.1036789297657826
54965,0.8869908015759854
42180,0.5964052287575735
57221,0.13226744186033285
45115,0.5202702702697499
87784,0.16860465116262208
83808,0.8186462324385172
21793,0.3784494086724205
99415,0.43478260869521734
81686,0.8149386845030869
98808,0.5165829145723477
48005,0.04422110552759397
59693,0.6753768844214351
22613,0.9796511627897179
10661,0.34459459459424996
93545,0.9665551839455216
36781,0.4723618090447537
49972,0.17432432432415
100683,0.30232558139504645
79955,0.30620155038729063
83111,0.7810810810802999
14099,0.5256281407029919
85792,0.4069767441856395
27385,0.1274509803920294
33173,0.15849673202598527
75895,0.4425863991076956
84183,0.6906666666659759
37174,0.3199554069116087
89403,0.4836601307184705
57812,0.0013140604467792377
3185,0.8909329829163232
39174,0.6002906976738183
69360,0.8473837209293851
22507,0.5492772667537213
81591,0.39910813823817387
102166,0.7356783919590633
34669,0.5774804905233912
82246,0.93108108108015
5417,0.9608040200995416
45202,0.44147157190591296
42806,0.7079999999992919
8407,0.4793969849241437
78372,0.9106666666657559
96394,0.9852941176460734
5368,0.7279821627640434
34576,0.9487179487169999
4612,0.21834625322975582
89532,0.564102564102
86314,0.08804204993420893
95227,0.507246376811087
77002,0.5707915273126956
86850,0.16133720930216425
83431,0.57162162162105
8573,0.22094508301382756
83053,0.095999999999904
92077,0.5228539576360434
66619,0.7516339869273528
2864,0.8432432432424
93017,0.800445930879913
83756,0.5568326947631723
6958,0.8592964824112008
106099,0.5424836601301763
92752,0.6270753512126551
26016,0.6633221850606521
9794,0.6891891891884999
55053,0.11055276381898492
32697,0.6276477146036086
23931,0.5427135678386532
40261,0.3386934673363447
87744,0.098666666666568
34747,0.6499442586392608
91828,0.820413436691686
60789,0.27616279069739824
38808,0.45810810810764996
18662,0.6584967320254852
6236,0.6886304909553836
19728,0.6231884057964782
91822,0.8795986622064782
81110,0.8006535947704412
47527,0.6253229974153953
90318,0.07803790412478259
44876,0.8294573643402557
71809,0.8853333333324479
13625,0.08442211055267938
43644,0.8344283837048159
83971,0.32183908045944826
82581,0.17432432432415
42259,0.9950980392146911
85536,0.5557788944718061
8810,0.6253333333327079
78459,0.648648648648
33500,0.558475689881176
4257,0.5596432552948696
93240,0.18087855297139535
18763,0.8186462324385172
11424,0.16180904522596884
12884,0.3431372549016176
59731,0.9003267973847205
22634,0.401333333332932
62732,0.3500557413597391
82430,0.3245729303544717
97227,0.9226130653257104
5764,0.7547892720298965
50370,0.7279894875156977
89427,0.32183908045944826
8497,0.5057471264362758
26922,0.888517279820739
40011,0.5116279069762325
22981,0.098666666666568
10271,0.4258639910809565
37880,0.54666666666612
83457,0.5975473801554781
29979,0.011437908496720587
22629,0.36533333333296797
90503,0.5775193798443837
15109,0.5781865965828646
86748,0.8620689655163791
17755,0.4303959131541034
93089,0.5400516795860232
4336,0.0646599777033913
54923,0.5400788436262667
20668,0.2413793103445862
102335,0.5085427135673306
79895,0.083999999999916
88203,0.8281407035167597
57553,0.8948751642566609
61759,0.1999999999998
40449,0.33639947437548484
37942,0.334302325581061
52407,0.9689542483650441
97596,0.0826873385012093
15372,0.9666666666656999
71980,0.9819121447018604
8007,0.5029069767436831
5142,0.0378378378378
76923,0.15768725361350852
32475,0.7100893997438621
29178,0.40051679586523253
43300,0.8010050251248271
105217,0.9837837837828
90316,0.08397932816529069
48026,0.890666666665776
27332,0.10135135135125
105230,0.5952693823909947
97829,0.8178294573635232
99198,0.25728643216054675
53937,0.8515111695129461
44244,0.8733333333324599
95415,0.34459459459424996
83331,0.8432160804011667
83346,0.8777923784485309
82768,0.026819923371620688
34756,0.3908045977007586
26171,0.2552954292082174
50245,0.12354651162778342
42457,0.2485465116276584
50373,0.820413436691686
28575,0.7702702702694999
91319,0.231999999999768
68711,0.25829145728617386
25464,0.7959866220727826
101221,0.3979933110363913
12830,0.4169453734666956
88138,0.09948320413426744
72978,0.5406911928645651
103836,0.5593869731795171
66988,0.36381909547702307
85081,0.8904522613056421
73508,0.8071519795649654
91178,0.31356783919566633
9724,0.2890932982914323
38974,0.3876478317998751
3592,0.4572158365257241
61440,0.3320413436689186
86583,0.09592641261488435
106458,0.1192810457515147
13015,0.3501291989660581
21510,0.4572158365257241
48484,0.34189189189154995
104183,0.04723618090447537
71906,0.9783783783773999
59569,0.9698492462301859
60361,0.21156373193145728
2057,0.8528252299597253
17177,0.8823529411755882
62283,0.8160315374499066
52036,0.49733333333283597
7523,0.9698492462301859
33337,0.8735465116270333
107091,0.9493333333323839
63922,0.0959302325580436
54527,0.6834625322990581
52444,0.5243243243237999
20137,0.4901960784308823
38681,0.222666666666444
97847,0.1356209150325441
84840,0.23517587939674972
55970,0.5633074935394884
41342,0.7892156862737205
59140,0.8862876254171738
66421,0.466155810982931
8148,0.024324324324299998
104694,0.48255813953440113
40263,0.9479999999990518
31403,0.6889632107016521
58366,0.32843137254869115
13510,0.8170854271348613
10521,0.2385620915030294
62092,0.13066666666653598
4466,0.8464052287573235
55710,0.5284237726092906
62393,0.681333333332652
29986,0.8997093023246816
41376,0.26421404682247823
49512,0.04570791527308695
74880,0.7859477124175146
100373,0.5857558139529027
88792,0.8811369509035116
102491,0.7281976744178763
42734,0.26633165829119093
51057,0.7403100775186394
83560,0.58333333333275
48485,0.008918617614260868
52786,0.1192810457515147
20893,0.8643410852704534
30127,0.9786666666656879
107087,0.19333333333313998
76504,0.03718592964820401
41143,0.01021711366537931
6901,0.261984392418913
22673,0.9629629629619999
60889,0.08643216080393365
105169,0.5718592964818402
95140,0.6744186046504883
63297,0.5658291457280773
106392,0.04134366925060465
88395,0.12297297297285
102557,0.15111695137961234
23934,0.38071895424798524
82077,0.32837837837804995
11249,0.8888888888879999
49965,0.16860465116262208
73811,0.1640826873383372
48603,0.6219667943799654
45876,0.1837837837836
48268,0.6123521681991247
79541,0.8733333333324599
58721,0.08944723618081507
16201,0.2151162790695523
97864,0.6385696040862069
89613,0.5300127713915517
42372,0.558475689881176
38734,0.32837837837804995
37127,0.7906666666658759
54144,0.23258869907992508
91637,0.8840579710136086
47504,0.3754789272026896
21559,0.3953488372089069
10931,0.9540540540531
93217,0.4904522613060422
21914,0.787999999999212
10161,0.6488294314374782
103111,0.7919896640818953
79662,0.48799999999951194
105156,0.5015075376879407
85806,0.04901960784308823
44614,0.35810810810774996
41219,0.4816053511700869
71606,0.22997416020648836
95894,0.4494086727984993
80629,0.35755813953452614
23741,0.3882503192844137
87653,0.7177522349928964
51403,0.6806833114316451
87417,0.7810810810802999
100308,0.22222222222199997
35312,0.7493333333325839
25292,0.083999999999916
74924,0.458607095925954
32872,0.6715686274503088
30911,0.5597989949743145
101341,0.33462532299708136
104179,0.8281407035167597
63203,0.8710089399735861
50326,0.49386845038969557
105499,0.3779264214043043
10766,0.68666666666598
1285,0.748366013071147
51132,0.10954773869335778
6558,0.7545219638235348
37407,0.6360052562411511
37418,0.9531772575241304
27612,0.6644370122624348
54642,0.0826873385012093
66683,0.8979328165365696
11716,0.9770114942518965
55668,0.24904214559362067
105308,0.4638633377130709
17721,0.2868217054260698
15348,0.8212877792370236
84198,0.2541507024263103
87057,0.16666666666649999
43591,0.4728682170537907
82058,0.0657748049051739
103957,0.888517279820739
71609,0.6232439335881379
71336,0.051282051281999995
3950,0.514666666666152
95071,0.9514687100884481
7367,0.0675675675675
67381,0.095999999999904
94939,0.15075376884407032
27144,0.044699872286034475
65879,0.7240473061753601
28707,0.98783783783685
103783,0.8864321608031336
1633,0.9330065359467793
3921,0.335999999999664
59606,0.14773869346718893
56268,0.45072273324527856
52884,0.7891891891884
534,0.8693333333324639
32921,0.8550724637672609
75744,0.5392441860459722
53067,0.323999999999676
61464,0.8202614379076764
34755,0.1036789297657826
9339,0.5557788944718061
78018,0.36434108527095344
46704,0.713534822601126
47227,0.32218506131517394
49061,0.6854271356777065
34870,0.7227332457285808
8242,0.3908045977007586
93720,0.4783919597985165
100551,0.06104651162784592
9180,0.6844221105520794
76741,0.4125159642396896
4263,0.1513513513512
24905,0.01909547738691558
5098,0.5939553219442155
66297,0.16569767441843894
40786,0.9200581395339635
84270,0.39054054054014997
47703,0.21999999999977998
98906,0.7003942181333337
51148,0.540229885056931
81097,0.6976744186039534
7699,0.15719063545134782
25472,0.36133333333297196
25664,0.07999999999992
64195,0.4061302681988275
78344,0.5763656633216087
97718,0.02837837837835
37288,0.5478036175705115
3645,0.7989487516417765
48948,0.17466666666649197
72958,0.8633720930223924
16042,0.48533333333284795
71646,0.9208472686724347
85711,0.6570302233896188
100769,0.8643410852704534
65382,0.3344481605347826
73602,0.0837837837837
4202,0.3946360153252758
22149,0.321333333333012
40010,0.42567567567524994
27650,0.10077519379834883
100452,0.3748743718589216
80137,0.8559999999991439
28510,0.31524547803586045
7165,0.7385019710899317
101807,0.5300127713915517
39464,0.731800766282793
75805,0.6257982120044827
91920,0.1307189542482353
39745,0.10135135135125
82288,0.34034165571582253
102738,0.07162162162155
45685,0.7134894091408696
41576,0.22875816993441173
62792,0.6079999999993919
55996,0.9324324324315
47448,0.6351758793963497
75224,0.9889447236171015
9998,0.095999999999904
66460,0.42706964520325225
11277,0.948743718592016
106840,0.19195979899478288
13405,0.27519379844933717
56969,0.08935611038098817
9838,0.22666666666643998
35955,0.6057818659652285
25532,0.8685939553210762
21441,0.16133720930216425
9503,0.34225195094726085
8880,0.06699346405222058
16314,0.39379084967280875
59726,0.7728758169926911
86100,0.7660972404722955
82970,0.8922470433631025
39111,0.021105527638169846
87080,0.2060301507535628
76817,0.16891891891875
43078,0.3025125628137678
67620,0.9183006535938528
24319,0.30087209302295487
79643,0.42401021711324133
73709,0.9330065359467793
95459,0.767999999999232
96430,0.8357558139526526
16801,0.4680232558134854
46047,0.9743243243233499
55978,0.11877394636003448
27843,0.6878483834998695
34122,0.7560664112380688
43576,0.4612352168195124
83429,0.9448094612342719
1778,0.1036789297657826
67745,0.84729729729645
21855,0.8562814070343195
61740,0.16860465116262208
103793,0.3902759526934336
15920,0.5968992248056045
67490,0.7054263565884419
15756,0.718592964823402
916,0.1787994891441379
69333,0.532887402452087
157,0.18729096989947824
56053,0.8281407035167597
96323,0.9808429118764137
35005,0.6666666666659999
12926,0.8712220762146347
42523,0.7238562091496029
78491,0.7598978288625862
36954,0.0837837837837
20095,0.6566332218499564
27457,0.9027027027017999
37067,0.04399999999995599
98125,0.34459459459424996
98454,0.053779069767388075
1655,0.114825581395234
53739,0.3524904214555862
37825,0.6408268733843719
77336,0.3043478260866522
84582,0.15111695137961234
67061,0.04780361757101162
3584,0.9869281045741765
90723,0.40301507537648135
65421,0.7647714604228695
84127,0.21333333333312
75622,0.5057471264362758
42404,0.026281208935584752
79522,0.4816053511700869
72976,0.1830065359475294
14077,0.771999999999228
93324,0.6254927726669172
62303,0.1293604651161497
74728,0.3908045977007586
73053,0.8082497212923913
18672,0.7418300653587353
107162,0.28594771241801464
68611,0.08147174770031274
97984,0.4227330779050689
64440,0.6031976744180013
106360,0.43627450980348526
12252,0.7437582128770486
68088,0.10813823857291303
59223,0.22093023255791858
7341,0.134666666666532
52311,0.8720930232549418
92580,0.9065326633156763
15850,0.15505913271995006
47112,0.8304862023644782
17840,0.8940568475443255
63433,0.8271356783911326
30976,0.0280970625797931
59214,0.34237726098156973
11767,0.7675606641116206
2569,0.3748743718589216
34246,0.3748743718589216
68725,0.7398160315367108
38118,0.6445945945939499
28619,0.31081081081049994
28721,0.6613065326626553
56811,0.6770025839786512
32609,0.18265440210231407
98733,0.7271241830058087
60450,0.927999999999072
42416,0.9665551839455216
63694,0.9356783919588632
70553,0.016080402010034172
22850,0.4954773869341778
48756,0.5620915032674118
57246,0.10144927536221739
104854,0.9898255813943589
100932,0.9905405405395499
1125,0.6551724137924482
39762,0.82412790697592
52919,0.30405405405374997
29817,0.748743718592216
101696,0.4244415243096938
5808,0.15836526181337932
67597,0.10135135135125
104055,0.9499999999990498
46600,0.08935611038098817
97440,0.6925064599476278
58768,0.34156976744151885
35074,0.27648578811341856
99450,0.9330065359467793
68486,0.6130268199227585
33665,0.009803921568617646
52918,0.85333333333248
90284,0.13969849246217184
101159,0.009333333333324
135,0.6308139534877413
38045,0.5167958656325581
56648,0.7215836526174138
36159,0.14687100893982757
64225,0.12388250319272413
92833,0.059296482412001
4591,0.5773333333327559
33095,0.08333333333324999
83857,0.8110465116270958
103262,0.7135678391952662
96494,0.14666666666651998
28081,0.8186462324385172
56014,0.3127463863334586
68780,0.2485465116276584
61532,0.9216216216206999
72605,0.821200510854862
69316,0.5506535947706912
93904,0.6187290969893477
2934,0.222666666666444
1878,0.24799999999975197
85705,0.6180904522606884
91577,0.2509855453348344
7250,0.5772669220939309
48804,0.569676700110913
95013,0.39869281045711763
50457,0.6408268733843719
46414,0.7758793969841487
3284,0.6986666666659679
71376,0.5348837209296976
44493,0.7726692209443103
81588,0.21708542713546128
8994,0.9709302325571685
17124,0.06891891891884999
55422,0.6623115577882823
11562,0.47380156075760865
12086,0.3499999999996499
80526,0.005256241787116951
40115,0.42049934296935604
102586,0.3326633165825819
53343,0.9226130653257104
70382,0.014070351758779898
22615,0.1116951379762352
42924,0.8672798948742969
86601,0.8442211055267939
40393,0.9879999999990119
102281,0.4730617608405256
44481,0.7969348658995861
101276,0.6235465116272834
23296,0.395999999999604
17649,0.8341708542705225
67509,0.9581081081071499
32363,0.7803617571051628
89440,0.9005025125619135
91099,0.5864864864859
80637,0.237185929648004
85526,0.93108108108015
82456,0.04336399474371484
84242,0.5658914728676511
16361,0.908430232557231
102119,0.32864321608007335
68479,0.5216080402004833
67209,0.9932432432422499
18542,0.5440210249666043
92854,0.48692810457467645
93243,0.6110381077523456
91451,0.8190954773861155
5295,0.06257982120044826
60797,0.3979933110363913
38001,0.24533333333308796
94119,0.07803790412478259
57684,0.7286432160796733
73427,0.7005025125621135
65312,0.22470433639924964
79589,0.7170542635651744
56257,0.08147174770031274
103145,0.08914728682161628
56980,0.917333333332416
15829,0.8386627906968357
6905,0.04924623115572964
57594,0.9687848383490868
63118,0.9549418604641613
10383,0.2745098039212941
50890,0.1213282247763793
73451,0.660206718345593
75946,0.5875139353394347
15132,0.12499999999987499
10636,0.29457364341055814
70920,0.19864864864844997
29213,0.4573643410848139
92386,0.42401021711324133
76339,0.26938239158974375
76246,0.826086956520913
99785,0.9108527131773836
89465,0.98513513513415
55918,0.8666666666658
45899,0.9999999999989999
39400,0.07358738501963731
17310,0.8653333333324679
31284,0.8851351351342499
55262,0.5338441890160689
40292,0.5356783919592634
10063,0.06633165829139095
96989,0.8863049095598371
69908,0.8825031928471379
27525,0.30552763819064926
23382,0.3968023255809985
22213,0.8798449612394301
75722,0.8430232558131104
100231,0.12499999999987499
43606,0.7105943152447673
697,0.8997093023246816
18823,0.21216216216194997
94353,0.34666666666631996
14417,0.45639534883675287
87023,0.29054054054024997
20149,0.6098191214464186
42557,0.8087855297149533
68970,0.6405405405399
63926,0.13235294117633822
88152,0.9374201787985517
12998,0.3284883720926947
57911,0.3600891861757826
94631,0.28594771241801464
14833,0.897435897435
69160,0.9676700111473042
26277,0.01708278580813009
10398,0.4069767441856395
106582,0.5595930232552543
51161,0.7216216216208999
11660,0.6914572864314692
84105,0.8346253229965813
44266,0.1633986928102941
20714,0.9986859395522207
40284,0.6925098554526583
29765,0.1526162790696148
21739,0.9148648648639499
57896,0.6711259754731304
98889,0.9933333333323399
21034,0.13537675606627586
93075,0.836526181352931
39388,0.06438896189218266
34445,0.13178294573630234
89148,0.2659883720927572
100822,0.7238562091496029
87616,0.384615384615
43267,0.704522613064622
77726,0.27702702702675
74819,0.6086956521733043
34091,0.9655172413783448
36160,0.2855297157619884
16567,0.07972972972964999
36427,0.7079152731319565
89343,0.99095607235043
5236,0.3999999999996
19656,0.36793692509818654
17120,0.954022988504793
78119,0.6194125159636206
67326,0.630666666666036
56988,0.7427135678384532
42774,0.46911957950018784
4252,0.9869186046501758
45036,0.31931668856735473
93503,0.12418300653582352
36503,0.2712418300650882
6668,0.5733333333327599
56927,0.888517279820739
91031,0.9889447236171015
38040,0.9224806201541161
8788,0.1467336683415618
44341,0.2931995540688261
30446,0.5843023255808111
22399,0.8633377135339592
19626,0.321333333333012
57714,0.05540540540535
106679,0.4349540078839277
101317,0.7976346911949973
11638,0.7088122605356896
80259,0.4929757343545517
43094,0.8338907469333912
97482,0.703517587938995
97261,0.3486486486483
56527,0.12746386333758605
66716,0.01809045226128844
75174,0.41216216216174995
80517,0.3155778894469206
96147,0.2945945945943
73544,0.5633074935394884
101381,0.6301507537682141
5786,0.5044699872281034
11843,0.6002906976738183
13605,0.645348837208657
15923,0.8480392156854264
78457,0.038666666666628
89640,0.6800445930873912
61076,0.7186666666659479
65399,0.5486486486480999
21070,0.021241830065338235
13288,0.5900131406038778
92767,0.3074901445463416
88463,0.4562814070347196
5771,0.8331658291448955
52482,0.8081395348829127
52211,0.0025542784163448276
35699,0.08804204993420893
82819,0.7597989949741145
58323,0.9575163398683235
79455,0.12354651162778342
101021,0.5129198966403139
101900,0.0770348837208532
100855,0.8479999999991519
48913,0.032160804020068344
8422,0.2454780361754651
21591,0.3968462549273298
68410,0.781333333332552
82562,0.8896321070225216
20162,0.327999999999672
35733,0.6020100502506542
83896,0.095999999999904
79445,0.8626666666658039
87804,0.9919597989939828
17189,0.9821200510845861
23028,0.7527638190947246
14654,0.459302325580936
43912,0.3045226130650221
105665,0.5837837837832
81324,0.5095477386929578
37554,0.1159420289853913
65714,0.008040201005017086
80642,0.8733668341699808
24924,0.9665551839455216
104113,0.5939553219442155
97902,0.23521681997348357
32324,0.6257982120044827
46628,0.1124031007750814
22477,0.8786717752226206
26253,0.897435897435
59764,0.029374201787965515
74929,0.8515111695129461
62838,0.05270270270265
41245,0.14666666666651998
106914,0.07105943152447673
38662,0.8439999999991559
83189,0.03547963206303942
77736,0.6270753512126551
60421,0.6891891891884999
12258,0.21802325581373544
47169,0.4961240310072558
56070,0.0025542784163448276
99194,0.8659658344275176
104296,0.7529069767434331
90967,0.755778894471606
50117,0.45072273324527856
4203,0.21711366538931032
44757,0.749163879597913
78023,0.5261984392413912
100320,0.8863049095598371
40426,0.9500657030213889
40344,0.6773869346726894
20063,0.06438896189218266
94130,0.7536231884050434
34724,0.9396984924613717
100774,0.9483204134357441
2965,0.181333333333152
71324,0.8459459459451
46590,0.01937984496122093
17034,0.6385696040862069
14757,0.2541507024263103
72404,0.47157190635404345
26576,0.9628140703507959
17312,0.14814814814799998
95378,0.40210249671444676
77843,0.5919732441465653
88236,0.029374201787965515
15364,0.0770348837208532
104748,0.43101182654359
20900,0.22222222222199997
93581,0.45125628140658386
71,0.5669934640517206
80931,0.3979933110363913
40609,0.17432432432415
93206,0.7625418060193043
94585,0.29697766097210776
41345,0.07679738562083824
93711,0.667999999999332
3892,0.29586563307463953
29616,0.777777777777
39536,0.3780332056190344
9635,0.10702341137113042
26716,0.48837209302276735
96815,0.9651162790688023
37465,0.27738693467308945
64776,0.7003942181333337
55191,0.563953488371529
49384,0.005167958656325581
98150,0.7068004459301739
5983,0.029729729729699998
55979,0.3690932311618275
54609,0.30395913154503446
32907,0.050666666666616
90159,0.6844221105520794
81811,0.384615384615
7903,0.7312661498700698
82655,0.41989664082645345
28323,0.8675675675667
100157,0.36530880420462813
14820,0.7248062015496627
68270,0.160315374507067
29311,0.4261306532659055
24196,0.2679738562088823
38767,0.5773333333327559
5309,0.04993429697761103
24604,0.667999999999332
15359,0.2854271356781065
25016,0.7412790697667005
34009,0.6031976744180013
59027,0.4573643410848139
31696,0.2661498708007674
69253,0.6934225195087825
74784,0.6884422110545879
77584,0.44933333333288394
16787,0.46511627906930225
42800,0.09578544061293102
86632,0.5693333333327639
3360,0.8514211886296394
74757,0.17889447236163014
105540,0.718592964823402
59718,0.18459302325562935
1718,0.23918918918895
31278,0.746732026143044
21179,0.24080267558504345
90986,0.6864321608033337
47055,0.9531772575241304
100970,0.34034165571582253
88689,0.7571059431516977
25021,0.39553219448055055
42462,0.25542784163448273
47329,0.9224806201541161
5460,0.49609810479326083
21478,0.6104651162784592
21844,0.060457516339808816
77282,0.2299605781863666
66671,0.7809045226122844
56501,0.6249999999993749
60408,0.7124183006528824
37442,0.47043363994696713
65504,0.06834170854264522
94680,0.5300127713915517
25638,0.09729729729719999
26857,0.7235142118855814
30161,0.10457516339858823
19249,0.5059132720100066
19272,0.4713567839191266
101223,0.5274584929752069
25996,0.3216080402006834
74216,0.6123521681991247
7180,0.1839464882941304
68770,0.442810457515897
6169,0.8864864864856
78728,0.48148148148099995
8912,0.3899497487433286
44692,0.09364548494973912
5796,0.939799331102739
96444,0.5111695137971234
22025,0.7470930232550668
67542,0.261984392418913
39829,0.5758793969843486
63480,0.6091954022982413
24746,0.031007751937953486
8869,0.57412790697617
28270,0.2659883720927572
17620,0.5087209302320493
63764,0.046511627906930225
63645,0.7484035759890344
94642,0.6231155778888241
76334,0.8505747126428275
75870,0.8097062579813102
34423,0.8633165829137095
39206,0.0038759689922441857
52695,0.18533333333314797
44667,0.496482412059805
93087,0.2875816993461176
82078,0.001633986928102941
38856,0.7056856187283912
44589,0.550666666666116
54968,0.18390804597682756
53493,0.05108556832689655
94457,0.9448094612342719
20758,0.1135135135134
76530,0.93108108108015
97913,0.4169453734666956
107013,0.9896640826863488
82356,0.3545150501668695
21399,0.7776162790689898
58494,0.5013333333328319
37976,0.22351421188608137
61479,0.06699346405222058
2431,0.02297297297295
62209,0.99095607235043
15426,0.8049095607227091
94139,0.6622864651767358
13017,0.9666666666656999
82215,0.9302325581386045
56462,0.9667943805865171
33241,0.9901960784303823
47577,0.1552287581697794
82529,0.13888888888875
51906,0.6864864864857999
90797,0.14060446780537844
98464,0.5939698492456372
38836,0.2839999999997159
82556,0.793103448275069
54209,0.384615384615
71204,0.3027027027024
89986,0.8333333333324999
9441,0.5899497487431287
2382,0.1470588235292647
97624,0.7405405405397999
64522,0.14974874371844318
62720,0.9053876478308948
63260,0.27906976744158135
46366,0.9068627450971323
20018,0.35270270270235
95759,0.4264705882348676
41475,0.14459459459444998
22357,0.17647058823511763
27428,0.37199999999962796
27990,0.22733077905468965
54772,0.774509803920794
24712,0.21105527638169846
7205,0.06718346253223255
12194,0.47157190635404345
100588,0.7659883720922572
66999,0.7662162162154499
47513,0.4638242894052209
103881,0.261984392418913
92995,0.43152454780318605
63769,0.8729096989957825
36527,0.5015075376879407
93808,0.9067017082776739
13250,0.9540540540531
74570,0.3729246487863448
76458,0.21333333333312
79467,0.717333333332616
60931,0.683389074692739
28392,0.541392904073046
2066,0.8160535117048695
82596,0.5594594594588999
92902,0.3511705685615217
79623,0.1108108108107
76197,0.3513071895421323
62060,0.011627906976732556
19675,0.6713567839189265
85056,0.7558528428086086
76790,0.47238372092976016
89036,0.601333333332732
105060,0.4771241830060588
87598,0.9019607843128234
8811,0.32950191570848275
65186,0.5618090452255687
96504,0.21834625322975582
51370,0.15503875968976744
20954,0.46871008939927583
14384,0.15849673202598527
75075,0.7459459459452
105486,0.7516339869273528
58219,0.8893333333324439
90856,0.09302325581386045
38246,0.5516795865627557
13794,0.8863346104716551
45460,0.996732026142794
38350,0.36399999999963595
51286,0.458607095925954
69129,0.4929757343545517
62307,0.5808249721287391
25937,0.5427135678386532
96685,0.4447674418600203
88296,0.002666666666664
23100,0.2054054054052
63373,0.4793969849241437
30548,0.07227332457285808
57481,0.93108108108015
75015,0.3999999999996
28009,0.9224806201541161
65271,0.6807151979558965
30923,0.7761627906968982
38234,0.9763469119569737
98658,0.9542483660121176
36138,0.9248366013062647
71234,0.25929648241180103
36834,0.8515111695129461
18327,0.007267441860457848
73897,0.5216080402004833
98523,0.8837837837828999
44093,0.8338907469333912
78230,0.6123521681991247
29537,0.38648648648609996
96994,0.8378378378369999
61463,0.7190293742010689
47503,0.1054054054053
84628,0.07035175879389949
33697,0.8643410852704534
7664,0.9162162162152999
102577,0.3857302118167826
57598,0.7868217054255696
101337,0.11918604651150871
44242,0.338666666666328
40509,0.28093645484921737
106230,0.8528428093636956
94979,0.5986666666660679
39277,0.4349540078839277
1103,0.6768837803313793
52694,0.025542784163448275
98301,0.4901960784308823
45047,0.6715686274503088
92421,0.0479651162790218
63527,0.8186666666658479
99354,0.10135135135125
24653,0.8033205619404482
3650,0.8267973856200881
92368,0.7486486486478999
31691,0.13665389527444827
99264,0.6437908496725588
70625,0.8621621621612999
59442,0.9259259259249999
36904,0.48659003831368963
76594,0.897435897435
51094,0.11498708010324418
54796,0.09578544061293102
16359,0.51999999999948
43475,0.16176470588219116
14904,0.4283837056500315
18225,0.1308139534882413
21746,0.24509803921544115
91365,0.3036175710591279
49509,0.7108108108100999
6862,0.35810810810774996
32973,0.3284883720926947
31736,0.48320413436644183
70198,0.7659883720922572
96185,0.8552763819086924
68163,0.8082497212923913
62480,0.4176245210723793
9796,0.7257525083604781
58856,0.07843137254894117
98594,0.489447236180415
48215,0.8592964824112008
41876,0.22674418604628485
55372,0.09461235216810512
53819,0.4269788182827391
40964,0.26421404682247823
39785,0.77999999999922
84252,0.9313725490186764
24881,0.45025125628095675
59551,0.36482558139498394
94934,0.007999999999992
73316,0.1889447236179015
38688,0.26819923371620685
84428,0.8559999999991439
24959,0.9833971902927586
52262,0.08241206030142512
7973,0.24924623115552963
4535,0.7732558139527151
57248,0.252261306532411
51268,0.8473837209293851
35606,0.7713920817361378
24109,0.7450980392149411
38380,0.21839080459748275
21466,0.4875164257550972
46404,0.3959131545334482
7629,0.49199999999950794
104026,0.5772669220939309
98556,0.19121447028404648
13492,0.9356783919588632
70499,0.7082785808140092
19664,0.7009803921561617
17732,0.44152431011782384
57639,0.5057471264362758
23925,0.6405405405399
67036,0.9763469119569737
63907,0.14715719063530436
47528,0.1308139534882413
56591,0.26412614980262683
90598,0.32311621966762066
23272,0.954022988504793
105984,0.7227332457285808
39878,0.9418604651153372
90430,0.9868593955312075
25496,0.3601532567046206
54257,0.06733668341701808
73962,0.6666666666659999
55229,0.40135135135094996
92703,0.8473837209293851
88087,0.09587513935330434
66877,0.9921156373183245
40634,0.11111111111099999
44284,0.4247491638791739
60860,0.8626666666658039
51419,0.37432432432394996
7202,0.4763729246483103
31373,0.5445945945940499
19159,0.17345597897485937
56830,0.9999999999989999
4651,0.9486486486476999
32591,0.6434108527125348
66858,0.5121328224771379
104887,0.46934673366787233
21724,0.19607843137235292
2300,0.7493540051672093
87101,0.3953488372089069
63342,0.30555555555525
60131,0.376756066410862
41712,0.3868450390185652
67422,0.26806833114296447
41436,0.683999999999316
96764,0.5879396984918743
22425,0.6909323116212758
14074,0.3311432325883679
40157,0.390666666666276
79972,0.3942181340337713
73049,0.9933110367883042
21087,0.37466666666629195
15123,0.9675675675665999
62453,0.9432432432422999
11463,0.4050251256277356
20470,0.0077519379844883714
14846,0.9243243243234
84401,0.20178799489124136
55485,0.6602809706251378
58853,0.8028909329821143
76432,0.6627906976737558
11042,0.7136627906969607
21945,0.4047306176080052
66300,0.6276477146036086
99439,0.29501915708782755
103587,0.3660130718950588
25155,0.20066889632086954
55318,0.5693333333327639
552,0.34227330779020687
13676,0.1783783783782
8550,0.14604236343352173
69830,0.8270270270261999
17051,0.5386934673361446
67049,0.4099868593951222
17302,0.57412790697617
60304,0.8189189189180999
37252,0.08361204013369565
68955,0.2444152431009382
22759,0.3716475095781724
101744,0.6717752234986897
88006,0.015607580824956521
84681,0.73648648648575
40573,0.4084967320257353
38144,0.7359999999992639
99086,0.57162162162105
62729,0.8693333333324639
43599,0.6566332218499564
43628,0.673052362706862
4299,0.9651162790688023
57146,0.795999999999204
104464,0.1937984496122093
17001,0.46511627906930225
50131,0.10399999999989598
20091,0.013071895424823529
40732,0.15116279069752322
52880,0.16347381864606897
60414,0.530523255813423
104612,0.03617571059427906
46476,0.6245210727963103
100335,0.37976346911919967
66799,0.008040201005017086
56503,0.8170854271348613
31616,0.35333333333297995
10889,0.6552287581692794
88749,0.6123521681991247
8157,0.4816053511700869
51234,0.11369509043916279
452,0.9869186046501758
102601,0.6140703517581798
58299,0.5606641123876897
71493,0.9763469119569737
28453,0.9961240310067557
86185,0.4069767441856395
77641,0.14470284237711625
83232,0.48148148148099995
6003,0.4169453734666956
30076,0.15376884422095174
100000,0.4733668341703809
65002,0.608409986858787
105207,0.6653895274578275
36824,0.07490144546641654
1634,0.3678929765882608
105978,0.6886304909553836
60831,0.7243243243235999
31530,0.6050251256275356
8745,0.8559999999991439
52151,0.023255813953465113
23481,0.7810810810802999
100706,0.959302325580436
31785,0.6307189542477352
73638,0.5029069767436831
30514,0.8415032679730147
95942,0.4972129319950434
101397,0.6744186046504883
29352,0.3716475095781724
78898,0.6215505913265794
72271,0.6978818283159129
21124,0.5767973856203381
73922,0.9898255813943589
17687,0.13712374581926084
20103,0.6110381077523456
42805,0.758666666665908
70994,0.20784883720909447
35768,0.38071895424798524
94034,0.17647058823511763
22971,0.9396984924613717
72373,0.5203679369245782
105008,0.2049934296975611
64388,0.718592964823402
27709,0.12486064659965217
63655,0.8893333333324439
62981,0.3517587939694975
57133,0.3660130718950588
80257,0.4918918918914
52226,0.5005574136003913
30023,0.13108108108094998
60731,0.26621621621595
105408,0.5015075376879407
37988,0.1627906976742558
12743,0.8249721293191304
104293,0.403416557161226
86318,0.9651162790688023
13853,0.7238372093016017
71228,0.67999999999932
61309,0.020348837209281975
2561,0.24999999999974998
88497,0.3729729729726
47812,0.09803921568617646
49097,0.35294117647023526
56769,0.47702702702655
1636,0.5734355044694137
43807,0.9618090452251687
71529,0.8978288633452067
17792,0.6909323116212758
29051,0.8673366834162181
16886,0.5507246376806086
93546,0.598978288632862
100085,0.5085427135673306
57120,0.2170542635656744
9226,0.5946666666660719
40121,0.9527458492966207
39123,0.8159999999991838
5065,0.12266666666654398
39749,0.7598039215678676
44240,0.62567567567505
15753,0.5767973856203381
102695,0.25929648241180103
96922,0.9829145728633386
84376,0.2839999999997159
6971,0.6039999999993959
69532,0.16081081081065
21552,0.8590116279061176
96626,0.7174770039414639
68507,0.529333333332804
91522,0.2931995540688261
58877,0.2997416020668837
12209,0.9932432432422499
14153,0.7453333333325879
87985,0.6702702702696
12308,0.9148648648639499
80234,0.6909323116212758
89301,0.5243243243237999
31424,0.4733668341703809
75706,0.5770348837203532
17126,0.4653266331653638
48742,0.27616279069739824
91497,0.5873850197103193
68297,0.740703517587199
95310,0.9853333333323478
26060,0.18492462311539296
70451,0.882666666665784
798,0.07994186046503633
93850,0.3601532567046206
25018,0.062430323299826083
22400,0.3567567567564
22174,0.9040735873841156
13391,0.8513071895416322
54791,0.7480490523961304
2642,0.5185929648236021
67213,0.6002554278410345
27889,0.9668341708533045
87372,0.4119999999995879
100776,0.5632183908040345
39723,0.31524547803586045
103809,0.21220930232536916
51725,0.38907469342213036
67129,0.4425863991076956
87060,0.010810810810799999
96530,0.018952062430304346
40302,0.4534883720925697
24038,0.03819095477383116
34258,0.282051282051
106629,0.8405797101440868
15543,0.1213282247763793
87383,0.023255813953465113
1015,0.2552763819092924
97485,0.27738693467308945
67644,0.8922470433631025
66203,0.5445945945940499
84154,0.7948717948709999
24414,0.1356209150325441
56141,0.6860465116272209
75383,0.1467336683415618
53768,0.5606641123876897
28929,0.675999999999324
23852,0.9698492462301859
1297,0.8590116279061176
73347,0.31999999999968
52950,0.07622739018080232
10811,0.34993614303924137
58896,0.787999999999212
68070,0.13235294117633822
64562,0.97889447236083
102229,0.2718023255811235
100812,0.25728643216054675
49250,0.8621621621612999
13035,0.645226130652621
45861,0.6701708278574112
43825,0.9395532194471551
79567,0.5387596899219418
21486,0.06733668341701808
3324,0.6653895274578275
107164,0.16133720930216425
26780,0.2775919732438695
77676,0.7790549169851723
56804,0.3567567567564
77658,0.2777777777775
73143,0.7545219638235348
96275,0.21200510855662066
41414,0.11957950065691064
48807,0.67999999999932
69427,0.33648648648615
139,0.4783919597985165
37206,0.5604575163393087
30436,0.45999999999954
17017,0.2674418604648488
23718,0.28140703517559795
55378,0.11733333333321598
4892,0.6911928651052174
16589,0.15453384418886207
18204,0.683389074692739
8205,0.11757105943140696
56744,0.5338441890160689
8053,0.8825031928471379
85850,0.2486064659975217
17765,0.11601307189530882
65323,0.29733333333303597
38352,0.7891891891884
22841,0.7396984924615718
79699,0.4281045751629705
14831,0.8294314381262607
28240,0.800445930879913
12536,0.48320413436644183
44152,0.48933333333284396
66864,0.6090116279063676
49004,0.4002229654399565
105381,0.9797297297287499
85548,0.20135135135114998
36613,0.098666666666568
86481,0.9665551839455216
10075,0.5300127713915517
54197,0.5013333333328319
70970,0.03197674418601453
55435,0.12297297297285
83324,0.9986859395522207
66816,0.1182654402101314
48267,0.9553219448085057
36636,0.7891891891884
72138,0.6229729729723499
57278,0.8349673202606029
71659,0.23691860465092585
102210,0.5837837837832
39170,0.30799999999969196
10423,0.5228539576360434
1630,0.24933333333308397
52409,0.6304909560717209
74633,0.6498708010329418
23859,0.23882503192824137
94716,0.1085271317828372
70644,0.1999999999998
74105,0.3216080402006834
106755,0.674113009197749
42476,0.7015503875961976
27598,0.9450830140475862
38586,0.8020100502504541
45556,0.3895348837205407
62264,0.0801576872535335
10318,0.643999999999356
78770,0.3953488372089069
80509,0.667336683416418
58271,0.10479375696756521
74134,0.6954773869339778
99903,0.13049095607222091
82988,0.18090452261288442
95205,0.57412790697617
95741,0.1213282247763793
80661,0.015607580824956521
94682,0.0826873385012093
56607,0.6330749353998837
92900,0.18627450980373528
96137,0.554666666666112
94344,0.387999999999612
27722,0.6324324324317999
80310,0.5447236180899074
922,0.7532679738554559
25571,0.09253065774795652
58516,0.7693333333325639
106511,0.20588235294097057
52788,0.6124031007745813
105406,0.39215686274470585
88057,0.5552325581389795
29097,0.9042145593860689
34909,0.6454849498321303
75042,0.31782945736402324
11886,0.31081081081049994
89965,0.47702702702655
48375,0.7783783783775999
96484,0.22222222222199997
70676,0.9693333333323639
83287,0.046511627906930225
102033,0.07162162162155
1765,0.6308139534877413
96066,0.8719999999991279
89316,0.46432160803973666
626,0.26216216216189997
60314,0.8675675675667
85348,0.27738693467308945
29251,0.9241917502777826
48886,0.4901960784308823
57687,0.496482412059805
31118,0.8595146871000343
28689,0.7567839195972331
92961,0.3311432325883679
16310,0.7356783919590633
44436,0.08556832694755172
70378,0.11111111111099999
39568,0.7123745819390869
27441,0.42587209302282986
28939,0.3242894056844302
43110,0.7095926412607884
9082,0.37199999999962796
104837,0.541708542713026
75890,0.09043927648569768
3688,0.9409141583045216
53825,0.01809045226128844
62324,0.9054054054044999
103507,0.6713567839189265
106541,0.33567839195946325
97431,0.4827586206891724
93525,0.9540540540531
55075,0.5027870680039564
98795,0.2663398692807794
71928,0.023255813953465113
58959,0.4108108108104
68242,0.21200510855662066
94908,0.5755584756893061
3244,0.9182630906759655
103068,0.6070959264120078
2925,0.42809364548452167
34196,0.5095785440607931
91161,0.5216080402004833
94596,0.5522875816987941
78960,0.7877906976736307
55380,0.9986859395522207
33881,0.07580824972121739
71565,0.51756756756705
11832,0.12060301507525627
85390,0.2528735632181379
50684,0.1356589147285465
99934,0.2385620915030294
77377,0.12790697674405813
76935,0.9208472686724347
104175,0.5300127713915517
12528,0.8979328165365696
75265,0.9166666666657499
95712,0.6437908496725588
65433,0.19121447028404648
10431,0.40406976744145634
51297,0.1526162790696148
90393,0.8693333333324639
487,0.8544061302673448
104511,0.154666666666512
89320,0.5964052287575735
46443,0.07135678391952663
93423,0.9549418604641613
38846,0.202666666666464
44979,0.34034165571582253
73142,0.14459459459444998
69730,0.8265440210241405
6899,0.8773333333324559
78210,0.7336683417078089
69950,0.9946666666656719
45936,0.7527027027019499
105329,0.7776162790689898
106726,0.8351758793961497
69820,0.9068627450971323
87051,0.681333333332652
7554,0.13665389527444827
88367,0.3660130718950588
36258,0.21199999999978797
24848,0.9031007751928953
25340,0.17587939698474875
76019,0.48533333333284795
49687,0.9640522875807352
103964,0.3337713534819264
24116,0.15843023255798108
89840,0.9934296977651037
55265,0.7190635451497825
21513,0.14189189189174997
14011,0.5400788436262667
74797,0.5374677002578604
106509,0.5702614379079264
31239,0.023255813953465113
77948,0.44927536231839127
31083,0.8227424749155652
71017,0.2575558475687306
58123,0.3779264214043043
86986,0.6382428940562093
90834,0.5177398160310196
28049,0.14189189189174997
23547,0.9453333333323879
101750,0.07162162162155
79995,0.1715686274508088
69207,0.5223499361425172
30465,0.1072351421187558
60786,0.73648648648575
84190,0.02512562814067839
14807,0.015607580824956521
90045,0.14191852825215767
38429,0.23783783783759999
14622,0.1116951379762352
44434,0.6301507537682141
64333,0.14542483660116176
95306,0.46432160803973666
26137,0.9786666666656879
76680,0.7587209302317993
27861,0.14970930232543167
76113,0.7878378378370499
99383,0.30395913154503446
67210,0.44316730523582754
106836,0.6190954773863155
83887,0.08935611038098817
92123,0.7536231884050434
12806,0.38350055741321737
49958,0.1608040201003417
41165,0.771999999999228
102918,0.22519509476008695
59475,0.09724047306166358
55272,0.1293604651161497
45885,0.11621966794368965
8720,0.5562987736895217
22847,0.36530880420462813
18951,0.48020434227282754
76600,0.6046511627900929
70407,0.1458607095924954
80197,0.39899497487397284
89087,0.9297573435495172
38945,0.9894875164247661
48070,0.07580824972121739
80022,0.0067567567567499995
101121,0.7085427135671305
50475,0.3226130653263105
20313,0.24019607843113233
103960,0.6911764705875441
98087,0.8378378378369999
85487,0.6002906976738183
50001,0.29885057471234483
91222,0.6162790697668256
63071,0.9921962095865217
42397,0.32194480946091325
45032,0.8639999999991359
37891,0.02837837837835
3642,0.7994186046503633
32947,0.13165829145715477
37430,0.37066666666629594
76430,0.4472972972968499
39591,0.8251256281398783
66009,0.114666666666552
45415,0.6253229974153953
70006,0.7003942181333337
57592,0.22997416020648836
1712,0.7398160315367108
4496,0.48255813953440113
72693,0.8251633986919852
62701,0.888517279820739
94551,0.18518518518499996
54202,0.1356209150325441
1309,0.6599777034553043
84751,0.837235228538739
71737,0.703455964324826
31353,0.28383705650431534
27296,0.6956521739123478
32193,0.08799999999991198
72367,0.3473837209298852
13260,0.8979328165365696
75259,0.39816031537410906
1628,0.6104725415064137
35217,0.7826797385613088
5328,0.05167958656325581
10568,0.9142441860455972
79074,0.3863337713530959
17025,0.3935340022292608
99638,0.9738372093013516
67734,0.9999999999989999
22777,0.54666666666612
85719,0.8405405405396998
7506,0.4793969849241437
86728,0.5611038107747346
73467,0.24999999999974998
67086,0.08249721293191303
3107,0.4771460423629565
46597,0.40406976744145634
10922,0.007267441860457848
67556,0.9829145728633386
7441,0.4069767441856395
31089,0.5202702702697499
61601,0.1324324324323
14847,0.9809045226120844
35697,0.7279821627640434
64197,0.5310077519374535
46963,0.8753768844212352
41147,0.04221105527633969
13811,0.36533333333296797
68928,0.767999999999232
35308,0.23692810457492644
94983,0.05540540540535
74508,0.1999999999998
44931,0.3025125628137678
30960,0.22875816993441173
91080,0.9946666666656719
49216,0.8357424441515953
34340,0.718592964823402
75536,0.35333333333297995
76424,0.46042363433621736
105797,0.8381909547730312
76336,0.8643410852704534
34164,0.7770345596424781
91149,0.09587513935330434
7162,0.5400516795860232
18604,0.7113665389520344
83905,0.18390804597682756
44615,0.882666666665784
92168,0.43999999999955997
5462,0.03229974160203488
85219,0.5108556832689655
26937,0.33648648648615
10670,0.00405405405405
57,0.16276477146026086
93177,0.5926412614974361
34485,0.4942528735627241
68925,0.8502906976735682
100142,0.9405405405396
73993,0.777777777777
15790,0.7658291457278773
106598,0.8120893561095689
90142,0.20958751393513042
96949,0.06891891891884999
40049,0.1949748743716643
98288,0.9085427135669306
43452,0.783999999999216
22569,0.8840579710136086
5611,0.11337209302314243
37750,0.558475689881176
26421,0.17866666666648798
92422,0.5216080402004833
89352,0.3140604467802378
45761,0.3780332056190344
52232,0.1432325886989369
90421,0.40135135135094996
78709,0.937333333332396
56320,0.40270270270229996
37763,0.06976744186039534
46567,0.5049019607838088
68911,0.8578811369500464
27099,0.8333333333324999
73795,0.24666666666641998
59380,0.2454780361754651
48205,0.5718592964818402
43413,0.43895348837165404
9655,0.04570791527308695
32377,0.4362680683307069
30523,0.7243243243235999
64260,0.1274509803920294
12302,0.8378033205611034
69453,0.5889447236175015
62392,0.1021711366537931
78449,0.6613372093016642
52714,0.31266149870769766
87352,0.0359477124182647
61091,0.15070242656434482
63242,0.3320413436689186
66399,0.8675675675667
54903,0.49386845038969557
67957,0.755778894471606
88573,0.5133333333328199
42545,0.37066666666629594
17008,0.8733668341699808
87917,0.8193979933102173
23181,0.041333333333292
95015,0.4909560723509302
4188,0.9852941176460734
72957,0.4653266331653638
98126,0.1293604651161497
73695,0.29575163398663235
86412,0.052971576227337204
87550,0.3652618135373103
98272,0.9426666666657239
105660,0.72837837837765
89434,0.5098554533503442
44125,0.03718592964820401
90837,0.13888888888875
46442,0.07803790412478259
75672,0.2441471571903913
31938,0.7079999999992919
49532,0.22965440356721736
65836,0.7536231884050434
85029,0.17972972972954998
71793,0.9651162790688023
28148,0.1925064599481279
18266,0.44459459459414996
68352,0.45994832041297673
27061,0.9013333333324319
22985,0.48659003831368963
91305,0.6231884057964782
8795,0.2700258397930116
50663,0.5517587939692975
37397,0.6909323116212758
20058,0.8854271356775064
9312,0.5517587939692975
80532,0.8338907469333912
14830,0.32183908045944826
103737,0.9198966408259535
48438,0.2884422110549879
34089,0.87702702702615
32605,0.42049934296935604
62126,0.9575163398683235
99398,0.08409986859387121
25307,0.6886304909553836
708,0.563953488371529
65514,0.46756756756709994
61917,0.11274509803910293
70611,0.4582914572859738
20762,0.9987080103349185
64985,0.23918918918895
93723,0.6886304909553836
61541,0.9328165374667673
29197,0.19896640826853487
79929,0.25159642400996546
22641,0.9748743718583215
92709,0.663398692809794
38048,0.9487179487169999
7305,0.7636566332210869
21740,0.019157088122586204
85485,0.2485465116276584
3615,0.3844189016598965
11020,0.45025125628095675
25188,0.6986666666659679
43652,0.9748743718583215
36192,0.265440210249406
75957,0.48399999999951593
88832,0.03197674418601453
60444,0.37432432432394996
89932,0.3562091503264412
94105,0.321333333333012
4755,0.14271356783905326
41737,0.48191214470236043
79543,0.7959798994966915
5273,0.9361430395903793
68791,0.9241917502777826
60228,0.80666666666586
61289,0.720588235293397
18009,0.4901960784308823
1837,0.25542784163448273
79532,0.9428104575153969
55273,0.381333333332952
21431,0.3113695090436162
64794,0.9337837837828499
81887,0.2745098039212941
17964,0.16387959866204346
10972,0.030150753768814067
9294,0.8479999999991519
1983,0.4190954773865156
31490,0.40579710144886955
3548,0.3035479632060039
38711,0.05882352941170588
55591,0.7790697674410814
32376,0.34666666666631996
23684,0.731800766282793
57874,0.054666666666612
48713,0.02297297297295
5106,0.8186462324385172
56224,0.6986666666659679
43354,0.33918918918884994
25836,0.31884057970982604
55845,0.16795865633058138
2588,0.6544035674463913
1845,0.7547738693459788
11254,0.08045977011486206
49014,0.8716216216207499
59168,0.1864864864863
32158,0.50135135135085
106482,0.5507246376806086
103536,0.4924623115572965
18105,0.29885057471234483
89530,0.823115577888624
20602,0.6140703517581798
28623,0.720588235293397
44630,0.9948914431663103
8252,0.5333333333328
32280,0.7698492462303859
54952,0.6879084967313381
11378,0.9189189189179999
57914,0.1813403416555348
31376,0.13783783783769998
26646,0.7093333333326239
55328,0.07915273132656521
5958,0.9068627450971323
63839,0.7701149425279654
69304,0.97889447236083
3100,0.40100502512522707
37173,0.8238573021173478
100453,0.4572930354791747
12253,0.49832775919682604
74226,0.15066666666651599
28495,0.5597989949743145
12372,0.9622093023246191
73968,0.22222222222199997
56212,0.4360465116274709
12655,0.03819095477383116
69853,0.8501971090661667
67111,0.41339869281004404
8325,0.9651162790688023
91304,0.7357859531765216
93245,0.28224776500610343
17300,0.03575989782882758
17331,0.01937984496122093
6291,0.8653266331649637
14892,0.9361430395903793
103278,0.8066860465108211
97196,0.7598039215678676
26858,0.3562091503264412
34982,0.48837209302276735
74003,0.2733668341705809
29347,0.27713920817341375
21220,0.29118773946331034
82090,0.795999999999204
41613,0.13066666666653598
64303,0.03010033444813043
22182,0.6656976744179388
13504,0.7891891891884
106774,0.18168604651144618
97978,0.6925098554526583
39162,0.5363984674324137
90912,0.9031007751928953
103240,0.49386845038969557
103157,0.6922094508294483
48423,0.9142441860455972
53055,0.5188953488366904
87595,0.5216819973713575
80780,0.29757343550417237
78794,0.8633165829137095
67805,0.195999999999804
60188,0.10135135135125
67146,0.2575558475687306
52978,0.923076923076
61623,0.6330749353998837
76558,0.26432160803993665
48118,0.056504599211507224
48547,0.5597989949743145
21302,0.45484949832730426
29500,0.34227330779020687
21585,0.525333333332808
103436,0.2043422733075862
78681,0.6046511627900929
84602,0.5108556832689655
81342,0.7135678391952662
67363,0.7941176470580293
63318,0.1783783783782
18802,0.1950947603119565
26594,0.27458492975706894
106701,0.20105124835722338
63187,0.9220945083004827
25393,0.4783919597985165
70867,0.9501915708802758
96689,0.07162162162155
94172,0.49944258639860867
4913,0.6816860465109461
29337,0.8592964824112008
18759,0.6130653266325528
86816,0.15540540540524997
84442,0.807999999999192
28896,0.017333333333316
25659,0.31621621621589996
2345,0.6904522613058421
22781,0.8097062579813102
93530,0.6421188630484534
58435,0.70405405405335
16096,0.26331658291430954
76360,0.746732026143044
92650,0.29586563307463953
94136,0.3899497487433286
12855,0.826873385012093
48613,0.36482558139498394
98930,0.31266149870769766
17850,0.274666666666392
68426,0.323999999999676
8807,0.635999999999364
77682,0.6909323116212758
70262,0.3748743718589216
101688,0.08361204013369565
34538,0.1633986928102941
13445,0.8197674418596453
69689,0.9162162162152999
87006,0.31256281407003916
51615,0.12151616499430433
69533,0.4927325581390421
15420,0.6276477146036086
25501,0.771999999999228
75037,0.9453333333323879
82250,0.5387647831794875
34582,0.002666666666664
34900,0.009333333333324
106606,0.5015075376879407
68574,0.154666666666512
78879,0.8883048620227647
72523,0.8733850129190233
74109,0.8180904522604884
102780,0.5326797385615588
41350,0.4003267973852206
6776,0.6360153256698621
4752,0.23202614379061764
79710,0.23643410852689534
94872,0.05555555555549999
87768,0.8924623115568965
84545,0.7356783919590633
47364,0.777777777777
29565,0.6837837837830999
38176,0.31653746769994184
1523,0.8895348837200406
71965,0.2868217054260698
46011,0.37123745819360865
101166,0.7648241206022501
96157,0.9565217391294782
4599,0.7509578544053792
57139,0.9259259259249999
46502,0.6283524904208275
32147,0.26216216216189997
8727,0.3880813953484491
64,0.9369250985535965
87977,0.7413333333325919
81911,0.8608108108099499
62494,0.1432325886989369
98355,0.40116279069727323
13701,0.4713567839191266
60982,0.1692506459946628
92575,0.37254901960747056
48249,0.8932432432423499
34171,0.11999999999987998
89055,0.874371859295608
20920,0.25675675675649995
44323,0.5606641123876897
93856,0.7906666666658759
29936,0.3748743718589216
84606,0.3675675675672
14714,0.78243243243165
98673,0.47043363994696713
103736,0.7805519053868673
82642,0.37066666666629594
12030,0.16891891891875
51674,0.38107752956597896
12718,0.6934865900376206
106852,0.4562814070347196
16294,0.6189189189183
66475,0.5657726692203793
41485,0.17866666666648798
30323,0.24835742444127593
83992,0.6324324324317999
54682,0.82412790697592
92127,0.4916387959861304
35902,0.7611749680707585
28139,0.010033444816043478
90412,0.23691860465092585
74418,0.19771241830045586
78510,0.8428093645476521
100330,0.2270270270268
29036,0.89864864864775
44485,0.19396984924603716
16848,0.40135135135094996
10544,0.7493333333325839
94780,0.8279999999991718
21582,0.8442211055267939
87225,0.3754789272026896
93669,0.72837837837765
87901,0.4278416347377586
49697,0.035175879396949744
5036,0.5261813537670345
67043,0.6873385012913023
85540,0.7170542635651744
43921,0.22211055276359698
12644,0.7786666666658879
2676,0.5386934673361446
58412,0.8554533508532838
12909,0.9277266754261418
95061,0.28097062579793103
61837,0.41866666666624797
93884,0.689922480619465
8939,0.6806833114316451
84360,0.9759999999990239
75469,0.051282051281999995
16441,0.5693333333327639
26500,0.03831417624517241
26617,0.729729729729
70080,0.42973856209107353
4320,0.021802325581373544
87274,0.021711366538931035
77249,0.277333333333056
49626,0.35333333333297995
6237,0.3612040133775652
35626,0.7105527638183848
102000,0.3431372549016176
83002,0.7653333333325679
104492,0.08785529715753487
18532,0.3022339027592247
87016,0.2810457516337059
90720,0.5986666666660679
93144,0.15843023255798108
47367,0.7948717948709999
98201,0.2324393358873793
97722,0.04347826086952174
41849,0.0078037904124782604
26633,0.18783783783764998
77169,0.41602067183420927
57349,0.8226666666658439
91177,0.9632063074891812
22794,0.31699346405197054
14637,0.0918918918918
104038,0.6732026143784118
49505,0.563953488371529
39769,0.8893333333324439
75395,0.02043422733075862
84177,0.9407035175869989
90804,0.2997416020668837
17129,0.9211563731922456
24386,0.7587209302317993
73235,0.7805519053868673
40321,0.923076923076
93445,0.8097062579813102
101488,0.6552287581692794
62,0.6700581395342136
150,0.320630749014134
26870,0.7547892720298965
85644,0.5064599483199069
16864,0.2997416020668837
9800,0.68243243243175
60156,0.5562987736895217
100967,0.1287779237843653
91352,0.3045226130650221
84613,0.27330779054889653
46913,0.9053876478308948
58417,0.6243243243236999
45651,0.04336399474371484
42020,0.27616279069739824
34497,0.38795986622034784
92156,0.2581699346402647
96062,0.8562814070343195
15862,0.23918918918895
19527,0.10600255427831033
51620,0.746386333770607
83964,0.9540078843617266
11283,0.7005813953481366
56397,0.23643410852689534
70095,0.8415032679730147
5355,0.19597989949729142
3853,0.6744186046504883
82993,0.3473837209298852
82541,0.44147157190591296
8571,0.9042145593860689
59954,0.643999999999356
32906,0.008169934640514706
80732,0.13282247764993102
25197,0.4689922480615465
19175,0.5666666666660999
65975,0.911999999999088
35001,0.9899497487427286
7468,0.4447674418600203
81927,0.07972972972964999
100585,0.4773869346728894
41885,0.30268199233686205
19845,0.9464882943134347
14709,0.1438953488370654
86121,0.06800445930873912
50416,0.38350055741321737
39496,0.8863346104716551
92117,0.9093333333324239
41500,0.010174418604640988
90525,0.9459459459449999
55859,0.9085427135669306
59665,0.9989949748733727
62490,0.5843023255808111
15347,0.025641025640999997
104307,0.24999999999974998
74223,0.45333333333287995
11063,0.29599999999970394
83506,0.5618090452255687
6916,0.9098837209293226
79549,0.1984231274636649
80961,0.7107843137247793
55185,0.648648648648
86688,0.73648648648575
38336,0.1608040201003417
75289,0.12499999999987499
31850,0.9553001277129655
67058,0.22868217054240694
3142,0.9531772575241304
20576,0.9553219448085057
58998,0.17973856209132352
74310,0.5516795865627557
20310,0.6874999999993124
79457,0.32297297297264993
54490,0.6421188630484534
5551,0.8851744186037659
26589,0.7401960784306323
30949,0.3255295429205217
80634,0.21627647714582607
24053,0.16053511705669565
105705,0.5095785440607931
71481,0.9330065359467793
76219,0.48799999999951194
13259,0.877369007802913
10688,0.2848837209299477
53517,0.45994832041297673
43806,0.35294117647023526
21306,0.4827586206891724
58650,0.22222222222199997
42221,0.3473837209298852
28489,0.8729096989957825
105906,0.6867335562980869
44764,0.44054054054009995
51940,0.801333333332532
53776,0.03316582914569548
74872,0.9412515964230689
86885,0.8081395348829127
14008,0.80666666666586
80154,0.16091954022972413
30459,0.911957950064791
36850,0.2956636005253285
19357,0.7470930232550668
103820,0.04570791527308695
77806,0.47537688442163517
43592,0.4379084967315882
91314,0.1021711366537931
102915,0.3889447236177015
83656,0.9499999999990498
34066,0.9638242894047209
65063,0.2575558475687306
105304,0.2588699080155098
94799,0.6862745098032352
81931,0.8888888888879999
102755,0.5959302325575435
91521,0.6090452261300442
105307,0.8592964824112008
4994,0.9474375821278304
55303,0.9506666666657159
13462,0.9470284237716627
48714,0.4521963824284883
18107,0.6832694763722413
47219,0.32056194125127585
69705,0.6079999999993919
49115,0.40988372092982267
24789,0.134666666666532
54685,0.41891891891849997
13191,0.7739018087847558
70514,0.8311557788936411
97653,0.008939974457206895
49100,0.6388888888882499
66241,0.21070234113691302
75096,0.09883720930222673
51437,0.4108527131778837
3485,0.14459459459444998
73283,0.9313725490186764
78073,0.11148272017826086
60245,0.4134366925060465
91386,0.9226130653257104
84247,0.9479999999990518
46800,0.7286821705419069
89578,0.2659883720927572
102579,0.4793969849241437
60142,0.5098039215681176
12605,0.9999999999989999
94193,0.4816053511700869
3262,0.3545751633983382
89167,0.20958751393513042
89102,0.8653266331649637
98102,0.6231155778888241
92864,0.668856767410632
4026,0.7405405405397999
78523,0.7118863049088487
66934,0.954022988504793
30775,0.10983397190282758
77984,0.223999999999776
61830,0.8823529411755882
86793,0.31066666666635595
3088,0.35504469987193105
92361,0.0013140604467792377
70055,0.1324324324323
7589,0.18666666666648
7321,0.307493540051372
53376,0.44444444444399994
61157,0.3113695090436162
19255,0.864825581394484
52728,0.08866279069758576
92812,0.6702702702696
7334,0.17054263565874417
77022,0.49999999999949996
1514,0.06976744186039534
3021,0.06072351421182558
72,0.5574136008913043
51949,0.1668341708541045
39748,0.13824289405670928
24668,0.18265440210231407
69159,0.5774804905233912
299,0.07915273132656521
88560,0.4269788182827391
53647,0.3501291989660581
37116,0.8252299605773613
88047,0.2917214191849908
104297,0.5029069767436831
18150,0.31256281407003916
41495,0.4771460423629565
87072,0.8251256281398783
84509,0.5900383141756551
66345,0.7675606641116206
85910,0.35199999999964793
93319,0.15607580824956518
99571,0.7177522349928964
69020,0.7085427135671305
45649,0.3061760840995624
19278,0.7790549169851723
39419,0.1702702702701
90724,0.8854271356775064
29701,0.9809045226120844
95971,0.19899497487417286
88105,0.1036789297657826
34031,0.38907469342213036
6197,0.4130653266327527
80768,0.888517279820739
101621,0.5566860465110711
50213,0.469476744185577
29831,0.8666666666658
97230,0.13600891861747824
6515,0.0013140604467792377
44625,0.9852941176460734
80198,0.08935611038098817
31448,0.1181716833889565
92797,0.15768725361350852
81488,0.821200510854862
82624,0.06800445930873912
101000,0.4047306176080052
68204,0.274666666666392
106980,0.28428093645456515
46656,0.970588235293147
29895,0.2270270270268
48271,0.3217054263562674
59674,0.4069119286506521
17209,0.024324324324299998
70143,0.13178294573630234
22053,0.021241830065338235
29008,0.9031007751928953
2770,0.08643216080393365
101525,0.6347381864616896
87696,0.9879396984914743
39562,0.7146666666659519
49435,0.6633165829139095
40823,0.06800445930873912
63705,0.5015075376879407
56819,0.524904214558862
97881,0.9729729729719999
6760,0.6216216216209999
28540,0.1748743718591216
78209,0.13869346733654472
91063,0.2934673366831236
102830,0.7162162162154999
18571,0.5879999999994119
40967,0.8390804597692758
64391,0.3127463863334586
71605,0.8216276477137826
8656,0.9461235216810512
23453,0.22965440356721736
8292,0.8554533508532838
68623,0.2428940568473023
70141,0.5155038759684767
93759,0.2874371859293608
47030,0.79054054053975
56920,0.6889632107016521
58010,0.6123521681991247
71866,0.25326797385595584
7377,0.22875816993441173
6387,0.003999999999996
73694,0.04723618090447537
34839,0.49999999999949996
8274,0.2552954292082174
10859,0.6123521681991247
98069,0.013071895424823529
50225,0.979933110366913
33496,0.13403416557148223
97355,0.0
77204,0.5108556832689655
51034,0.30992196209556516
98613,0.6078431372542941
102538,0.4848883048615387
26262,0.5862068965511378
27246,0.9846743295009309
61517,0.13378378378365
48877,0.16276477146026086
97466,0.03924418604647238
20765,0.2454780361754651
50907,0.5155038759684767
20357,0.9788182831651304
89118,0.9919597989939828
88826,0.2432160804017668
79998,0.8863346104716551
23686,0.14215686274495587
44738,0.38127090300965216
47441,0.2890932982914323
26675,0.12483574244402759
89018,0.4852941176465735
54426,0.335999999999664
26917,0.43137254901917643
39330,0.25929648241180103
72454,0.17432432432415
512,0.4333333333329
27000,0.5537688442205517
16916,0.2890932982914323
82601,0.753512132821724
50585,0.13403416557148223
90157,0.8643410852704534
99011,0.36399999999963595
11090,0.11369509043916279
56882,0.5568475452190813
46807,0.8339719029365862
26274,0.35788113695054646
21057,0.14848883048605388
107016,0.5819095477381115
29285,0.10479375696756521
26994,0.0
54882,0.7503285151109448
97151,0.1021711366537931
101908,0.8506131549601303
58321,0.7950065703014388
72935,0.8725490196069705
35038,0.688378033204931
31558,0.28428093645456515
30229,0.3524904214555862
66387,0.67999999999932
106184,0.09461235216810512
32157,0.7959866220727826
37322,0.31524547803586045
97778,0.815075376883607
100556,0.7519379844953721
21107,0.7335562987729565
14565,0.6189189189183
106771,0.0067567567567499995
31702,0.4046822742470869
28968,0.10906701708267673
15262,0.17432432432415
106853,0.3552971576223837
84107,0.8720930232549418
36081,0.33462532299708136
99310,0.5721583652612413
85288,0.27858081471719837
31700,0.8202614379076764
69457,0.29324324324295
65445,0.3587385019707319
51328,0.014070351758779898
23469,0.03104575163395588
41656,0.6555183946481739
68236,0.6932432432425499
4543,0.8710089399735861
105551,0.11773255813941715
106499,0.7573333333325759
33682,0.9018087855288139
82662,0.670666666665996
96711,0.8351351351342999
8946,0.38350055741321737
52833,0.23691860465092585
100177,0.658430232557481
75365,0.4793281653741976
56614,0.22385620915010293
93146,0.8893333333324439
15623,0.046511627906930225
61031,0.48255813953440113
40030,0.4422110552759397
63009,0.5899497487431287
50512,0.3905228758166029
33745,0.7045707915266086
77126,0.1307189542482353
58831,0.26331658291430954
85528,0.23110465116255957
86769,0.6434108527125348
12353,0.8515111695129461
5033,0.026130653266305526
43805,0.15477386934657889
8236,0.9066666666657599
1005,0.06718346253223255
44333,0.6858237547885861
38577,0.4783783783779
62334,0.369333333332964
27401,0.02666666666664
78839,0.15050167224065217
3940,0.4379084967315882
23793,0.9337837837828499
100263,0.7702702702694999
102002,0.9648648648638999
51731,0.1437908496730588
65989,0.41989664082645345
59878,0.5996732026137793
28048,0.34237726098156973
77972,0.9888517279811738
105413,0.5400788436262667
10633,0.9405405405396
84009,0.7837235228531738
69394,0.5865633074929534
68091,0.48110465116230955
12153,0.5618729096984347
83996,0.5952693823909947
94985,0.41608040200963414
84160,0.9999999999989999
102031,0.008918617614260868
88072,0.5919732441465653
54589,0.8722860791817585
6543,0.9604086845456551
1951,0.31155778894441205
80496,0.3416557161626018
28686,0.35294117647023526
46858,0.35466666666631197
24178,0.30992196209556516
15417,0.42049934296935604
61325,0.37254901960747056
96179,0.7190293742010689
19755,0.21199999999978797
80528,0.08430232558131104
35917,0.7069645203672299
85424,0.18023255813935463
21490,0.6613065326626553
55313,0.07939698492454371
13235,0.4916387959861304
17378,0.558475689881176
3754,0.7638190954766231
7603,0.7647714604228695
38664,0.9444444444434998
75116,0.4750957854401379
65638,0.9065326633156763
53353,0.5247093023250566
100516,0.9117647058814411
18288,0.7611749680707585
85445,0.597333333332736
67231,0.5843023255808111
72174,0.8725361366614138
34922,0.27702702702675
71299,0.775999999999224
105802,0.2703488372090319
87938,0.1170568561871739
35328,0.4447674418600203
15184,0.5465116279064302
62637,0.23643410852689534
14237,0.33999999999966
95613,0.6744704570784782
9311,0.9183006535938528
6338,0.5516795865627557
66264,0.08541392904065045
72899,0.8049095607227091
100726,0.8010050251248271
86966,0.14666666666651998
75358,0.13165829145715477
65405,0.15111695137961234
16911,0.882666666665784
8692,0.32194480946091325
100578,0.8934673366825235
84090,0.28863346104696547
45411,0.25726744186020784
90547,0.48659003831368963
62081,0.21366279069746072
89570,0.6373333333326959
105449,0.4763729246483103
66998,0.547999999999452
69996,0.7216216216208999
56064,0.3455964325526087
103577,0.01937984496122093
35449,0.8341708542705225
35385,0.7892156862737205
39853,0.3869346733664472
101610,0.270696452036523
40619,0.19296482412041002
17788,0.18243243243225
81583,0.2732558139532151
35278,0.8305462653280433
15496,0.1027027027026
46000,0.4082687338497209
1795,0.9418918918909499
43415,0.6391959798988582
291,0.12483574244402759
38181,0.5633074935394884
55029,0.6643216080395367
34803,0.9921156373183245
55045,0.7091503267966764
46367,0.31758793969817484
62574,0.1293604651161497
94354,0.8683417085418451
96625,0.8630490956063721
21468,0.06891891891884999
76612,0.8479999999991519
19753,0.6220930232551918
34261,0.6893333333326439
56113,0.9409141583045216
15452,0.2428940568473023
27416,0.6767411300913074
48539,0.5767973856203381
85145,0.4349540078839277
18354,0.5975473801554781
18244,0.309333333333024
55640,0.4493464052283088
47570,0.8307493540043371
74054,0.32183908045944826
5058,0.14773869346718893
17045,0.338907469341913
105717,0.10653266331647637
29187,0.8879999999991119
37420,0.0801576872535335
38161,0.12354651162778342
106344,0.3784494086724205
70853,0.6124031007745813
46322,0.43627450980348526
6538,0.48320413436644183
72697,0.31758793969817484
97920,0.07702702702695
56360,0.2739018087852558
40525,0.6854271356777065
46536,0.11371237458182606
74034,0.06535947712411765
43594,0.8693333333324639
100866,0.7056856187283912
38073,0.8110465116270958
59899,0.056504599211507224
3724,0.29586563307463953
79957,0.03547963206303942
13422,0.6933333333326399
26786,0.3809045226126844
39319,0.1694537346709565
18657,0.7993311036781304
15823,0.13768844221091758
102599,0.46998722860744824
66427,0.3027027027024
52079,0.934666666665732
37002,0.6864321608033337
49086,0.08241206030142512
28115,0.9067567567558499
98844,0.5657726692203793
27917,0.7848837209294476
64994,0.7598978288625862
72140,0.4360465116274709
35277,0.2673366834168181
53684,0.4954007884357726
93054,0.17432432432415
44188,0.1517587939696975
49190,0.9676700111473042
15979,0.858237547891862
50195,0.7728758169926911
5878,0.3074901445463416
43508,0.6589147286815115
62207,0.5595930232552543
76999,0.2739018087852558
30839,0.08442211055267938
40160,0.20945945945924999
86895,0.9520348837199781
104572,0.1517587939696975
20661,0.3113695090436162
94376,0.677333333332656
549,0.558475689881176
33591,0.8643216080393366
32334,0.8134034165563482
80680,0.7658862876246522
66911,0.3045226130650221
101640,0.7554054054046498
55786,0.933668341707609
50889,0.6395348837202907
47434,0.3299418604647863
80157,0.5484949832770434
73354,0.9029374201778965
30185,0.9668341708533045
21137,0.9889447236171015
36235,0.5975473801554781
65221,0.6091954022982413
100973,0.5821287779232023
41736,0.6718346253223255
60659,0.5361366622859289
55254,0.6232439335881379
97165,0.023255813953465113
45498,0.2485465116276584
36819,0.9728643216070672
2263,0.7875816993456175
19482,0.04084967320257352
481,0.07803790412478259
83893,0.3027027027024
81124,0.4912790697669505
99520,0.7156862745090882
57905,0.8442211055267939
11179,0.21466666666645198
88133,0.037333333333296
84405,0.48837209302276735
55684,0.4771241830060588
90310,0.9843924191740434
39133,0.7703455964317826
10350,0.9303547963197003
27036,0.8869908015759854
29858,0.7456395348829752
68022,0.039018952062391296
89283,0.33591731266116276
70631,0.7357859531765216
28055,0.160315374507067
62587,0.07364341085263953
102721,0.29215116279040554
105913,0.21999999999977998
94589,0.2645348837206657
56437,0.37091503267936765
40514,0.31007751937953487
102125,0.4648829431433478
40771,0.052287581699294115
44858,0.81486486486405
98624,0.651340996167931
92222,0.19896640826853487
11344,0.5032679738557059
14991,0.06701708278574112
101078,0.18023255813935463
96328,0.7958656330741395
19565,0.08799999999991198
84603,0.4113712374577826
70089,0.8378033205611034
87015,0.635999999999364
75449,0.7573333333325759
51372,0.7190635451497825
32632,0.36046511627870925
22313,0.6162790697668256
39923,0.4816053511700869
12179,0.1860465116277209
59346,0.5029069767436831
26935,0.5797297297291499
55296,0.3022339027592247
106127,0.9405684754512557
43033,0.9198966408259535
7375,0.34227330779020687
738,0.0675675675675
83984,0.7698492462303859
71556,0.46104725415024134
24649,0.5736434108521395
46866,0.9031007751928953
1177,0.052287581699294115
55964,0.5032679738557059
70811,0.7810810810802999
3101,0.9613333333323719
56164,0.9328165374667673
99319,0.19597989949729142
63891,0.6388888888882499
42324,0.5663322185055651
19250,0.3081081081078
3836,0.8006535947704412
66176,0.7594594594587
21763,0.37976346911919967
97198,0.3488372093019767
65280,0.93108108108015
22078,0.12403100775181394
34758,0.47875816993416176
28904,0.14980289093283308
98450,0.40945945945904993
22911,0.6497093023249316
66745,0.6241787122201379
22343,0.8160535117048695
16396,0.7892156862737205
35882,0.5059132720100066
75364,0.545333333332788
6319,0.467999999999532
7977,0.987080103358186
56091,0.4411764705877941
21635,0.18265440210231407
57416,0.24019607843113233
31734,0.03924418604647238
24139,0.5116279069762325
30143,0.4211055276377698
27508,0.6491458607089434
7109,0.641261498028268
28644,0.9786666666656879
41673,0.05813953488366278
49619,0.29949748743688637
18491,0.43919597989905823
95292,0.7675675675668
9760,0.6884422110545879
10222,0.9866220735776087
80480,0.41866666666624797
53545,0.935999999999064
20625,0.20402010050230854
77596,0.9208472686724347
22175,0.38783783783744996
33721,0.1806020066887826
105986,0.5029069767436831
16798,0.189189189189
89143,0.618666666666048
63701,0.4056847545215581
44219,0.271999999999728
54963,0.7118863049088487
39620,0.265440210249406
56293,0.7794117647051029
54135,0.8126614987071976
95599,0.45751633986882345
17022,0.7286432160796733
49880,0.8030150753760813
28119,0.4738186462319655
71651,0.9520348837199781
47348,0.8985507246367825
81945,0.5628140703511959
50920,0.7598978288625862
90637,0.18729096989947824
55655,0.22965440356721736
62941,0.17599999999982396
64372,0.6497093023249316
7304,0.9796511627897179
32520,0.9066666666657599
71344,0.3217054263562674
58410,0.6570302233896188
13184,0.21656976744164388
44331,0.82297297297215
43791,0.663600525623515
17232,0.9011627906967732
54897,0.6160130718948088
765,0.2452619843921739
37380,0.08672798948742969
81060,0.5775193798443837
68905,0.5767973856203381
83301,0.9514687100884481
42923,0.12399999999987599
23076,0.9413333333323919
10281,0.6532887402446086
31748,0.23521681997348357
67737,0.41339869281004404
65211,0.45210727969303444
70362,0.9946666666656719
26257,0.8968023255804985
56940,0.6767411300913074
65813,0.9767441860455347
92988,0.6666666666659999
16122,0.1213282247763793
84680,0.06513409961679309
27274,0.43115577889404116
16499,0.3837209302321744
55898,0.7937569676692173
24751,0.62567567567505
89006,0.849333333332484
6031,0.3499999999996499
1205,0.4793969849241437
51698,0.7224080267551304
67654,0.10381077529555978
25205,0.8532663316574381
80702,0.7759197324406957
52308,0.9879396984914743
87803,0.3216080402006834
94807,0.31621621621589996
93477,0.7668341708535044
53829,0.44147157190591296
84772,0.41486486486444996
228,0.9224806201541161
37489,0.394666666666272
20495,0.2864651773978738
90411,0.38666666666627997
19363,0.06540697674412065
4982,0.69054054053985
79133,0.07246376811586956
97768,0.49680715197906894
89516,0.856589147285965
42386,0.4840357598973448
83318,0.7279894875156977
16592,0.8088235294109558
98504,0.1182654402101314
26521,0.8528252299597253
33722,0.729729729729
19597,0.635999999999364
16796,0.14729729729715
32394,0.5364864864859499
9792,0.11148272017826086
80507,0.5849246231149929
66828,0.20703517587918993
36837,0.7979651162782717
89000,0.4713567839191266
90354,0.083999999999916
24923,0.4875164257550972
78251,0.6781609195395516
71058,0.5348837209296976
4675,0.7079999999992919
78882,0.14133333333319198
66181,0.4003267973852206
106231,0.8545751633978381
44901,0.4648786717747586
104733,0.3025125628137678
52939,0.6608108108101499
54295,0.8863049095598371
47718,0.24399999999975597
96189,0.467999999999532
71678,0.2049934296975611
21975,0.9055232558130479
23230,0.1027027027026
74979,0.14215686274495587
31343,0.8212877792370236
37690,0.7432950191563448
64014,0.3601532567046206
79553,0.19607843137235292
17285,0.17587939698474875
18395,0.222666666666444
102935,0.9675675675665999
44006,0.03378378378375
53481,0.84729729729645
80909,0.29885057471234483
86409,0.43366778149343477
83439,0.7065326633158764
66298,0.3608040201001417
102980,0.8473837209293851
36916,0.9866220735776087
83407,0.8896321070225216
102149,0.3692509855449658
57269,0.2428940568473023
72800,0.6856187290963043
93810,0.6834170854264522
89535,0.6546666666660119
79225,0.005167958656325581
74314,0.44020100502468534
89169,0.0826873385012093
96248,0.10033444816043477
95740,0.9396984924613717
64451,0.9391891891882499
58200,0.11733333333321598
63294,0.6276477146036086
99139,0.6960408684539654
43370,0.6666666666659999
89845,0.19955406911908694
3479,0.2405405405403
23489,0.4283837056500315
70085,0.1293199554067826
54886,0.6020066889626087
94038,0.9182630906759655
91086,0.8559999999991439
47252,0.02890932982914323
69541,0.9453333333323879
95949,0.793103448275069
17451,0.04521963824284884
30838,0.7958656330741395
58315,0.22630992196186955
73213,0.7906666666658759
30924,0.43316582914529544
32505,0.3716475095781724
103443,0.5968992248056045
79900,0.22742474916365213
64862,0.2485465116276584
30456,0.8357558139526526
99152,0.9719999999990279
1901,0.258666666666408
17049,0.6934225195087825
5894,0.507246376811087
10665,0.8378033205611034
30536,0.6452036793686057
50878,0.888517279820739
92809,0.502666666666164
39864,0.5516795865627557
101957,0.7079152731319565
57285,0.9226130653257104
14329,0.45072273324527856
66872,0.961892247042402
94020,0.627999999999372
48685,0.7513513513505999
27119,0.5045992115632273
46397,0.8904522613056421
10133,0.675675675675
36017,0.8250319284793792
37527,0.2454780361754651
76263,0.9852941176460734
2560,0.645226130652621
2662,0.8559999999991439
106427,0.1950904392762907
40163,0.6411238825025517
100345,0.1813403416555348
98682,0.756756756756
25789,0.1213282247763793
67820,0.7959459459451499
59591,0.4954773869341778
2269,0.10479375696756521
19494,0.28097062579793103
79641,0.09560723514202324
14432,0.13823857302104348
94686,0.7732558139527151
46365,0.5226130653261105
52584,0.7877906976736307
89365,0.8182831661084348
81199,0.49866666666616793
70712,0.6343366778143043
63089,0.9498327759187826
52567,0.9027595269373363
41571,0.20178799489124136
47361,0.24648786717727586
73083,0.2673366834168181
90557,0.30620155038729063
64735,0.729096989965826
71108,0.23110465116255957
87464,0.9950980392146911
70003,0.07751937984488372
17270,0.6743295019150345
20924,0.4124860646595652
27207,0.9075376884413034
93294,0.9142441860455972
19858,0.9130434782599564
22,0.3043478260866522
49371,0.746732026143044
85587,0.5440210249666043
65258,0.35270270270235
81090,0.21963824289383718
28146,0.5356783919592634
68187,0.9728643216070672
39921,0.8607918263082068
26644,0.7403100775186394
43284,0.49949748743668637
94367,0.7794117647051029
72801,0.0874371859295608
14197,0.9474375821278304
26273,0.134666666666532
61001,0.8643410852704534
47789,0.6552287581692794
67460,0.026130653266305526
57393,0.7398160315367108
36379,0.3127463863334586
94624,0.5862068965511378
615,0.11111111111099999
72048,0.15830546265313042
66036,0.4013377926417391
14899,0.9698492462301859
105042,0.060457516339808816
99430,0.25542784163448273
18239,0.6127450980386029
15965,0.8733668341699808
72704,0.9796511627897179
13018,0.6039999999993959
23958,0.502666666666164
41950,0.10854271356773064
105425,0.12040133779252173
87752,0.21466666666645198
7327,0.8683417085418451
16772,0.7386934673359447
13973,0.6298773690071738
27322,0.9063545150492608
55624,0.8933333333324399
83263,0.9723837209292601
29260,0.6744186046504883
8978,0.13066666666653598
17217,0.9337837837828499
35489,0.0020100502512542715
43040,0.04263565891468604
90491,0.7398160315367108
34960,0.17877906976726307
99779,0.8479999999991519
9631,0.098666666666568
82917,0.0479651162790218
28657,0.5324324324319
72365,0.7537688442203517
24415,0.5944767441854519
84084,0.4682274247486956
4944,0.8712220762146347
81767,0.7319316688560354
100930,0.6215505913265794
30692,0.36231884057934777
56344,0.5996732026137793
98782,0.754738015606826
2164,0.2324393358873793
24949,0.5070242656444482
103937,0.048648648648599996
93064,0.4112388250315172
37866,0.7558139534876163
23562,0.5202702702697499
105861,0.43927648578767436
20541,0.8030150753760813
88399,0.01672240802673913
37955,0.19955406911908694
31536,0.19798994974854572
46676,0.73378378378305
35175,0.5333333333328
100936,0.9970930232548167
101447,0.2954292084723913
11041,0.6297297297290999
42194,0.6221105527631969
99532,0.001633986928102941
46596,0.061760840998624174
21233,0.1708278580813009
27154,0.9693333333323639
53112,0.6434108527125348
5790,0.7533333333325799
64198,0.9628140703507959
70538,0.3837209302321744
26779,0.32218506131517394
1691,0.9888517279811738
81757,0.3479999999996519
15392,0.8850129198957558
1332,0.054666666666612
53535,0.5016722408021739
102852,0.5216819973713575
105946,0.33591731266116276
10256,0.5775193798443837
82927,0.8864864864856
30371,0.6783783783776999
46489,0.16351351351334997
58019,0.9897828863336205
71955,0.5057471264362758
37356,0.355778894472006
42292,0.335999999999664
20087,0.845226130652421
24074,0.9040735873841156
64692,0.9889447236171015
96112,0.41608040200963414
55120,0.35466666666631197
51971,0.03819095477383116
27252,0.01999999999998
77781,0.9134366925055465
13135,0.15359477124167648
33840,0.23901808785505813
78330,0.897435897435
84185,0.8401162790689273
42654,0.8515111695129461
17109,0.29844961240280227
60530,0.5810983397184482
32772,0.3048620236527832
49208,0.7125628140696391
94561,0.7809045226122844
16723,0.09199999999990799
79821,0.22222222222199997
6106,0.5770348837203532
78275,0.2844221105524794
7689,0.6959999999993038
2328,0.39899497487397284
66480,0.8693467336674723
37355,0.9211563731922456
80884,0.22875816993441173
103705,0.19597989949729142
59714,0.26421404682247823
100837,0.25125628140678385
56301,0.4113712374577826
5411,0.12532299741589534
9658,0.040201005025085425
39760,0.17441860465098835
23202,0.1072351421187558
48343,0.554666666666112
91294,0.2333333333331
74660,0.25929648241180103
6399,0.29738562091473525
9119,0.9152731326635216
58061,0.7877906976736307
28351,0.36351351351315
105514,0.7496807151972068
53114,0.26532887402426086
20750,0.014666666666651998
46578,0.098666666666568
52358,0.06699346405222058
98343,0.44824120602970247
89694,0.15633074935384883
12697,0.33768844221071753
73166,0.2452619843921739
80002,0.027999999999972
41069,0.7356783919590633
2034,0.341333333332992
8928,0.43295019157044823
68185,0.797333333332536
83161,0.6373333333326959
12405,0.4278416347377586
3471,0.45072273324527856
66568,0.16133720930216425
105055,0.6679586563300813
67896,0.8643410852704534
15905,0.098666666666568
65908,0.8357424441515953
54125,0.09587513935330434
4385,0.7378378378371
41533,0.3513071895421323
4209,0.162162162162
6676,0.1748743718591216
54989,0.544035674469913
46181,0.8331658291448955
61799,0.15070242656434482
22469,0.1036789297657826
107157,0.6091954022982413
20637,0.6251256281400783
57612,0.9396984924613717
83711,0.3311432325883679
39352,0.1756756756755
7947,0.18733850129180232
7607,0.7063953488365029
68904,0.5172798216271304
37781,0.16795865633058138
79615,0.5733333333327599
18733,0.5013333333328319
12398,0.6714848883041904
66207,0.14470284237711625
56608,0.9575163398683235
102448,0.41424418604609736
12244,0.9999999999989999
4832,0.23258869907992508
42673,0.28140703517559795
903,0.5786666666660879
37244,0.9575163398683235
69436,0.5243243243237999
25689,0.6977124182999558
39049,0.9470284237716627
102646,0.2673366834168181
68325,0.9157088122596205
57463,0.6162790697668256
48178,0.03819095477383116
23014,0.1860465116277209
80092,0.41891891891849997
103270,0.07638190954766232
23921,0.8364864864856499
64591,0.3052325581392296
91253,0.14133333333319198
31515,0.8436692506451511
26218,0.03919597989945829
15596,0.7839195979891657
13413,0.9464882943134347
11049,0.13140604467792377
82461,0.25306577480465214
11982,0.4019607843133235
65915,0.18265440210231407
40511,0.8893333333324439
22433,0.7003942181333337
58141,0.7858081471739841
2750,0.972404730616636
25979,0.32702702702669995
10155,0.7513513513505999
99776,0.807999999999192
40215,0.907999999999092
105401,0.5029069767436831
2384,0.07972972972964999
69519,0.17587939698474875
83363,0.38058748403537923
37895,0.48533333333284795
98191,0.14999999999984998
98740,0.2819767441857645
88686,0.5472972972967499
106492,0.7503285151109448
74955,0.23692810457492644
39688,0.46998722860744824
86780,0.22713567839173265
28423,0.6240310077513139
54109,0.6994974874364864
72700,0.09706257982110343
60079,0.1537450722731708
68108,0.46265328873978256
72120,0.8854271356775064
40885,0.18135376756048274
101144,0.78513513513435
68920,0.0801576872535335
8266,0.36530880420462813
29163,0.5843023255808111
57837,0.5568475452190813
26281,0.09447674418595203
81402,0.18263090676865515
39021,0.8914431673043448
61529,0.7969849246223185
52587,0.33333333333299997
56985,0.7326633165821819
63064,0.8662207357850868
94357,0.7662835249034482
91353,0.6998722860784827
85931,0.5621621621616
4918,0.9977703455954346
50729,0.19732441471552173
57826,0.002666666666664
71191,0.20155038759669766
105774,0.1438953488370654
10023,0.42799999999957195
41218,0.5949748743712642
98238,0.6130268199227585
37995,0.6586666666660079
83325,0.4258639910809565
51447,0.718592964823402
94497,0.23258869907992508
30670,0.3939698492458371
13858,0.718592964823402
34727,0.4916985951463793
52123,0.31653746769994184
52200,0.19597989949729142
21611,0.5019710906696688
65726,0.4715762273897093
36502,0.4202898550720434
102741,0.2541806020064348
92910,0.4345930232553793
66329,0.5351351351346
46266,0.23417085427112258
93789,0.6124031007745813
74483,0.6110381077523456
82877,0.46621621621575
19578,0.6864321608033337
3150,0.5453350854133837
7795,0.9501915708802758
100091,0.7759197324406957
83204,0.5400516795860232
80606,0.8972972972964
44874,0.35271317829422094
93047,0.5585284280930869
93488,0.01937984496122093
1805,0.8082497212923913
62917,0.39970930232518165
17899,0.3574244415239527
3849,0.052396878483782605
7118,0.6090452261300442
88547,0.19284802043403446
97092,0.15050167224065217
44105,0.807493540050872
37481,0.3513071895421323
33563,0.9241917502777826
61042,0.52777777777725
41714,0.8633165829137095
70454,0.8439999999991559
59857,0.23258869907992508
51036,0.1159420289853913
69184,0.1954022988503793
3234,0.7235142118855814
74841,0.9319955406902608
23186,0.20958751393513042
27181,0.24933333333308397
100045,0.14687100893982757
28886,0.040051679586523246
73093,0.20588235294097057
900,0.5185929648236021
19020,0.6254927726669172
88602,0.6925098554526583
22700,0.10135135135125
7526,0.016602809706241378
33457,0.49275362318791305
76909,0.4599211563727332
35423,0.6893333333326439
81166,0.6717752234986897
13660,0.911999999999088
14412,0.68243243243175
15714,0.114666666666552
22063,0.13403416557148223
61727,0.21199999999978797
106614,0.18396846254909327
87164,0.6922094508294483
46710,0.21070234113691302
19162,0.597333333332736
3254,0.30555555555525
9038,0.6998722860784827
95150,0.0013140604467792377
95704,0.6586666666660079
83830,0.911957950064791
71414,0.4201787994887241
38616,0.9074693422510435
103614,0.043927648578767436
88630,0.5606641123876897
52521,0.45083014048486203
93076,0.9068627450971323
89485,0.083999999999916
40660,0.7764857881129185
62817,0.836526181352931
34049,0.5424836601301763
43571,0.14869281045736762
60077,0.5675675675669999
40460,0.9162162162152999
22185,0.381333333332952
15237,0.5400516795860232
66961,0.45083014048486203
67110,0.6395348837202907
40897,0.6856187290963043
80317,0.05813953488366278
83200,0.7790549169851723
25955,0.10854271356773064
60010,0.2853957636563478
912,0.26633165829119093
21643,0.77999999999922
30001,0.333668341708209
71796,0.6373333333326959
74445,0.3979933110363913
14690,0.15199999999984798
45915,0.9108527131773836
71040,0.8663316582905909
19444,0.5919732441465653
101898,0.2887402452616956
19483,0.5759999999994239
45070,0.9933110367883042
96007,0.2663398692807794
8226,0.05882352941170588
14087,0.160315374507067
19621,0.8749999999991249
68803,0.9065326633156763
28496,0.0826873385012093
15223,0.02470930232555668
71389,0.35333333333297995
18222,0.3652618135373103
63426,0.15453384418886207
2400,0.554666666666112
90638,0.68243243243175
93030,0.7106666666659559
47044,0.10465116279059301
95745,0.48243243243194994
93733,0.7125628140696391
9250,0.9514687100884481
12306,0.9497487437176432
64916,0.45675675675629995
97639,0.3284883720926947
93987,0.2404730617606005
69833,0.7897503285143219
65147,0.7732558139527151
1571,0.239825581395109
52732,0.7457286432153346
24727,0.9330065359467793
36305,0.6544035674463913
33909,0.8608108108099499
36684,0.6554054054047499
88787,0.30392156862714703
5125,0.521333333332812
96456,0.8473837209293851
100451,0.7173202614371911
672,0.14869281045736762
2769,0.2352285395761304
9242,0.10854271356773064
36840,0.239825581395109
92915,0.5133333333328199
53862,0.032160804020068344
92411,0.7805519053868673
2898,0.9054054054044999
19531,0.2485465116276584
47770,0.6954773869339778
94350,0.04347826086952174
89205,0.6704980842905172
59271,0.265440210249406
73559,0.4625492772662917
35876,0.12661498707997673
1124,0.4241206030146512
55758,0.992732558138542
27800,0.44147157190591296
95921,0.5568475452190813
90850,0.3660130718950588
67816,0.8762541806011304
70511,0.8773946360144481
12435,0.5202702702697499
82454,0.911557788943812
78358,0.45999999999954
46740,0.21576227390159303
100956,0.222666666666444
92319,0.31266149870769766
18044,0.08542713567830652
23905,0.19597989949729142
5811,0.27203065134072413
81252,0.24924623115552963
62867,0.842911877393793
41210,0.85540540540455
43549,0.9106666666657559
103807,0.09587513935330434
60885,0.9770270270260499
7522,0.9211563731922456
85303,0.40135135135094996
106575,0.4055232558135479
20611,0.22385620915010293
71692,0.7469342251943478
2623,0.4572930354791747
35836,0.8804020100493707
20442,0.269333333333064
61523,0.9869281045741765
77677,0.029374201787965515
80546,0.1694537346709565
36731,0.23915900131382128
406,0.38783783783744996
76807,0.23918918918895
30786,0.9470284237716627
33955,0.115999999999884
97280,0.04347826086952174
59464,0.768837803319793
67539,0.5702614379079264
24006,0.9013333333324319
10504,0.7477386934665888
4761,0.8333333333324999
17116,0.9702842377251278
45348,0.131999999999868
27158,0.3324572930351471
95018,0.9719999999990279
52617,0.22674418604628485
92514,0.16985951468693103
16579,0.6140703517581798
88082,0.9921962095865217
63377,0.36533333333296797
100532,0.14666666666651998
57329,0.9374201787985517
16635,0.31699346405197054
6974,0.9547738693457788
17773,0.7894056847537325
8296,0.19333333333313998
99140,0.40945945945904993
55910,0.979933110366913
18845,0.2486064659975217
75295,0.7597989949741145
21725,0.22094508301382756
22226,0.14938684503886954
96840,0.039018952062391296
70051,0.14303959131531033
34100,0.9211563731922456
57844,0.6780551905380866
70993,0.7113665389520344
66414,0.5624999999994374
46674,0.23417085427112258
93752,0.2746386333768607
92435,0.7356783919590633
37500,0.6886304909553836
56853,0.8883048620227647
9443,0.024324324324299998
99816,0.17587209302307993
8717,0.3431372549016176
75599,0.1517587939696975
81971,0.6960784313718529
85158,0.17054263565874417
39350,0.131999999999868
52049,0.31457286432129344
82140,0.36482558139498394
6755,0.9605781865956228
20683,0.34296977660938105
83701,0.17466666666649197
75241,0.73648648648575
95970,0.88666666666578
101659,0.9889447236171015
47233,0.09698996655508696
86028,0.47537688442163517
41131,0.37999999999962
54595,0.24221105527613968
77569,0.9808429118764137
11808,0.961892247042402
92335,0.47157190635404345
77221,0.0837837837837
58213,0.663999999999336
81687,0.6190954773863155
88983,0.4542713567834653
103781,0.4592964824116009
5839,0.3935340022292608
50704,0.8301404853120689
41307,0.028985507246347825
66524,0.6510590858410434
66762,0.10594315245467441
37291,0.517333333332816
35582,0.16858237547875862
95763,0.14459459459444998
57070,0.2270270270268
98262,0.47567567567519997
102454,0.15503875968976744
77409,0.6268068331136964
96948,0.8544061302673448
63730,0.5849297573429655
96065,0.7532299741594535
19142,0.5819095477381115
80975,0.8676470588226617
45052,0.8366013071887058
72532,0.8948751642566609
35240,0.7346733668334361
4074,0.5891891891886
3116,0.2413793103445862
40238,0.19866666666646798
83980,0.5986666666660679
71077,0.17587939698474875
36494,0.1432432432431
102186,0.69864864864795
8686,0.597333333332736
33403,0.46732026143744115
94903,0.25326633165803814
98535,0.054666666666612
21363,0.49509803921519113
27301,0.02890932982914323
62190,0.5452196382423489
194,0.338666666666328
59599,0.10799999999989199
41074,0.36533333333296797
27736,0.083999999999916
68224,0.09640522875807353
2846,0.15477386934657889
73329,0.9244186046502383
5316,0.8333333333324999
2706,0.4653266331653638
18783,0.6978818283159129
7565,0.9266666666657399
71519,0.7279693486582758
51119,0.06800445930873912
73556,0.6551724137924482
3629,0.7573333333325759
96197,0.5797297297291499
76831,0.3027027027024
41283,0.90135135135045
57436,0.4056847545215581
55158,0.5256281407029919
13294,0.15376884422095174
36363,0.8124999999991874
92465,0.28985507246347825
12609,0.8027027027018999
73237,0.38058748403537923
106084,0.9216216216206999
425,0.5274584929752069
16773,0.35540540540504995
102694,0.6608108108101499
75930,0.5256241787116951
76772,0.27090301003317385
73463,0.08656330749345348
35492,0.03942181340337713
100962,0.09803921568617646
58898,0.032160804020068344
18809,0.2777777777775
76369,0.23039215686251469
103775,0.49802890932933114
50947,0.6046511627900929
107105,0.820413436691686
52820,0.43627450980348526
35491,0.39705882352901467
23943,0.16081081081065
28067,0.6947637292457931
2091,0.3818646232435517
19327,0.6933333333326399
45743,0.5065359477119117
11684,0.029374201787965515
37212,0.4244415243096938
98860,0.9142441860455972
70244,0.4827586206891724
87254,0.10906701708267673
81809,0.21516164994404344
39662,0.7162162162154999
18993,0.3691860465112587
102329,0.5012919896635813
71104,0.7939698492454371
103136,0.47035175879349944
62301,0.30954773869315777
97951,0.8793969849237436
12261,0.4972129319950434
29607,0.8896321070225216
64961,0.9447674418595203
105560,0.03104575163395588
14058,0.045333333333288
25224,0.07267441860457849
97216,0.14459459459444998
66479,0.43137254901917643
43400,0.1962209302323619
103361,0.925333333332408
71857,0.9786666666656879
102951,0.2931995540688261
70474,0.1748743718591216
1561,0.15945945945929998
1056,0.3232588699076925
5929,0.4715762273897093
3326,0.8720930232549418
472,0.667999999999332
105328,0.9891891891881999
18584,0.917333333332416
14336,0.1315496098103478
38718,0.6530880420492812
81705,0.9706257982110345
90578,0.8279999999991718
21136,0.9337837837828499
96526,0.467999999999532
70688,0.54999999999945
32076,0.9055276381900491
79227,0.20058139534863662
70403,0.7761627906968982
36172,0.6253229974153953
69145,0.5678391959793316
79692,0.2428940568473023
92917,0.5874840357593103
85506,0.31007751937953487
15441,0.2810810810808
102805,0.7818659658336464
53322,0.13888888888875
53628,0.01937984496122093
67053,0.5044699872281034
49664,0.0038759689922441857
52379,0.03104575163395588
89927,0.06833114323252036
79306,0.35405405405369994
61848,0.2351351351349
59894,0.8839999999991159
6343,0.08173690932303448
49379,0.987080103358186
43932,0.998366013070897
51891,0.20402010050230854
47684,0.48786717752186204
42368,0.15050167224065217
94677,0.7869346733660472
81349,0.6176084099862418
101549,0.27906976744158135
102583,0.02906976744183139
102751,0.40405405405364997
73545,0.6298773690071738
87746,0.3837209302321744
91360,0.4901960784308823
50130,0.9859514687091034
86506,0.7015075376877407
43251,0.5032679738557059
82991,0.5125628140698392
1196,0.29575163398663235
35346,0.6243243243236999
95915,0.6878483834998695
50942,0.2819767441857645
94004,0.5129198966403139
67116,0.8693333333324639
85848,0.9808429118764137
92443,0.27906976744158135
27564,0.7989949748735728
1052,0.9909547738683556
56865,0.41733333333291595
71213,0.2588699080155098
97167,0.6228646517733587
31611,0.3113695090436162
97081,0.5898692810451617
85914,0.9986859395522207
77780,0.5930880713483477
79735,0.114666666666552
38070,0.9341085271308488
104624,0.6744186046504883
85892,0.14974874371844318
61573,0.28933333333304395
106356,0.28140703517559795
32933,0.13398692810444116
68606,0.6837837837830999
26191,0.864623243932724
72996,0.9945945945936
14888,0.9142441860455972
15547,0.2875816993461176
82169,0.68243243243175
79334,0.9362745098029852
71949,0.08804204993420893
34097,0.9361430395903793
34726,0.5775193798443837
35190,0.7107843137247793
102937,0.3517587939694975
47205,0.4664914586066294
53487,0.052287581699294115
32023,0.18749999999981248
84844,0.252261306532411
31030,0.37972972972935
594,0.5497487437180432
95995,0.8854271356775064
29256,0.8283166109244783
28103,0.7675675675668
101705,0.3104575163395588
54597,0.04467805519049409
86133,0.43627450980348526
48719,0.718791064388243
13481,0.8720930232549418
56647,0.5849297573429655
103100,0.8562814070343195
61338,0.5228539576360434
1745,0.20402010050230854
44981,0.2854271356781065
21909,0.31668856767379633
63191,0.38795986622034784
105688,0.9837837837828
50576,0.6173333333327159
59004,0.8773333333324559
78710,0.22094508301382756
81266,0.7385019710899317
53011,0.17973856209132352
59454,0.8785529715753487
62370,0.16666666666649999
15436,0.32843137254869115
47496,0.07134894091408694
46929,0.6276477146036086
31547,0.815075376883607
40230,0.9889447236171015
72864,0.007267441860457848
96419,0.8263090676875517
100337,0.12261306532651055
16843,0.10620915032669116
31034,0.5929648241200101
21759,0.09302325581386045
46175,0.9405405405396
30282,0.8673366834162181
38301,0.4263565891468604
29861,0.8963210702332173
31215,0.9999999999989999
75124,0.7839195979891657
49611,0.8639999999991359
79184,0.7516339869273528
98827,0.54999999999945
53215,0.167999999999832
67845,0.9783783783773999
103204,0.544035674469913
30524,0.6656976744179388
59626,0.9216216216206999
74164,0.9256281407025919
33755,0.5843023255808111
86222,0.20930232558118603
41359,0.34156976744151885
88380,0.3908045977007586
34779,0.28428093645456515
20786,0.5898692810451617
27313,0.83918918918835
1923,0.22853957636543476
50465,0.17752234993596552
18269,0.8879999999991119
101096,0.9905405405395499
51741,0.601333333332732
2655,0.8607918263082068
51362,0.29586563307463953
28358,0.7973856209142353
89742,0.021241830065338235
79000,0.05555555555549999
20164,0.8281407035167597
27133,0.35376756066375864
22732,0.01470588235292647
56571,0.50135135135085
67016,0.09640522875807353
75456,0.07024265644948276
17639,0.9259259259249999
72842,0.5206243032324782
12597,0.324324324324
6071,0.641025641025
67489,0.8281653746761743
43846,0.37855297157584883
7860,0.12133333333321199
46167,0.39553219448055055
1043,0.1937984496122093
19831,0.0813953488371279
36952,0.8693333333324639
14413,0.7156862745090882
101104,0.0826873385012093
29305,0.13824289405670928
14320,0.5324324324319
83868,0.09156976744176888
19295,0.5185929648236021
50380,0.6380813953481991
41683,0.8935611038098816
11830,0.15830546265313042
76290,0.36533333333296797
27478,0.10954773869335778
10160,0.3411371237454782
34859,0.048648648648599996
17876,0.8710089399735861
89367,0.1813403416555348
62132,0.7266666666659399
79903,0.4559789750323955
99802,0.13377926421391304
91027,0.3823529411760882
31945,0.4572158365257241
103290,0.47568988173408405
77395,0.7572674418597078
39151,0.026130653266305526
14446,0.442810457515897
56349,0.4472972972968499
84526,0.2090452261304442
62866,0.25326797385595584
48188,0.8578811369500464
1284,0.27458492975706894
34337,0.9667943805865171
73565,0.338666666666328
93997,0.12273901808773255
94490,0.18506131549591304
104352,0.5179738562086323
96339,0.7356783919590633
85425,0.2998885172795217
1773,0.9609810479366085
81364,0.8593955321936215
7846,0.7982162764763477
67297,0.1830065359475294
4437,0.7993311036781304
83380,0.18135376756048274
32965,0.16219667943789653
11367,0.34822601839649797
11935,0.496482412059805
67673,0.5547738693461789
73183,0.7015075376877407
106947,0.14470284237711625
61526,0.8783919597981165
19961,0.041333333333292
64622,0.13489409141569564
45930,0.7497487437178432
31971,0.8948751642566609
75761,0.6257982120044827
63725,0.6110381077523456
76687,0.8126614987071976
92060,0.7385620915025294
100387,0.5155038759684767
98217,0.06535947712411765
81871,0.6330749353998837
16317,0.2997416020668837
66790,0.07412790697667006
82663,0.4472972972968499
73834,0.11627906976732556
21347,0.5400788436262667
86955,0.4281045751629705
86852,0.23378378378354997
68457,0.30523627075320686
88093,0.6360153256698621
81164,0.1869346733666472
61819,0.4169453734666956
13012,0.3784494086724205
13155,0.6270753512126551
15783,0.5065359477119117
15673,0.8110465116270958
35925,0.43895348837165404
106969,0.729729729729
25640,0.5975473801554781
97931,0.005167958656325581
50074,0.9575163398683235
29649,0.7843137254894117
91931,0.9399744572148965
61722,0.9241917502777826
20287,0.9003267973847205
76463,0.5557788944718061
62710,0.46640826873338365
35255,0.25125628140678385
85906,0.8436692506451511
11618,0.9426666666657239
94378,0.938953488371154
100329,0.31976744186014533
17723,0.052396878483782605
39882,0.08138238573013043
11795,0.47875816993416176
66789,0.3660130718950588
102765,0.558475689881176
13650,0.277333333333056
97337,0.5348837209296976
23806,0.2825229960575361
34279,0.2318840579707826
98949,0.7766097240465295
82142,0.39159001314021286
15659,0.8798449612394301
63656,0.3081081081078
40763,0.25929648241180103
80836,0.0013140604467792377
104849,0.4914572864316693
86473,0.27616279069739824
51194,0.7144702842370115
66403,0.20703517587918993
271,0.530523255813423
2273,0.26436781609168963
81275,0.2056194125157586
14715,0.6909323116212758
57319,0.7611749680707585
35197,0.33591731266116276
98220,0.39594594594555
94959,0.5440210249666043
91613,0.1437908496730588
94534,0.14070351758779898
81910,0.29324324324295
76649,0.1326633165827819
23354,0.9973718791054415
40827,0.5364864864859499
78654,0.8544061302673448
73369,0.8552763819086924
67659,0.5693333333327639
34111,0.8213333333325119
102361,0.4244415243096938
37171,0.9955406911918695
27744,0.34803921568592644
53767,0.2908496732023235
42072,0.7396984924615718
53742,0.197333333333136
46497,0.5261984392413912
35788,0.6253229974153953
88746,0.8023255813945465
4922,0.3501291989660581
41718,0.41569767441818894
8802,0.004020100502508543
38604,0.7248062015496627
57098,0.6613372093016642
13275,0.18533333333314797
18055,0.1526162790696148
49524,0.13665389527444827
76101,0.6867335562980869
66332,0.5568475452190813
91441,0.6557161629428396
81061,0.22296544035652172
96013,0.045333333333288
33186,0.5361366622859289
75009,0.21328224776479307
73082,0.31266149870769766
3525,0.5466155810977931
1836,0.8854271356775064
34802,0.23499361430372412
19758,0.25581395348811625
15902,0.4099868593951222
23441,0.5908584169447826
57798,0.1517587939696975
68964,0.06891891891884999
68435,0.31486486486454995
26294,0.8327759197316086
45844,0.4086845466151724
60688,0.20588235294097057
95472,0.7386934673359447
39837,0.9729729729719999
46184,0.335999999999664
64478,0.10479375696756521
55688,0.7088122605356896
89513,0.954022988504793
34602,0.5972972972967
25366,0.1108108108107
44642,0.8790849673193822
66923,0.6713567839189265
83881,0.3113695090436162
13996,0.7001114827194782
6535,0.9341085271308488
75328,0.6909323116212758
69789,0.8590116279061176
102472,0.083999999999916
27005,0.38242894056809296
94773,0.53108108108055
39038,0.601333333332732
59584,0.08939974457206895
75032,0.28985507246347825
94365,0.5059132720100066
86729,0.039215686274470585
103277,0.47537688442163517
96803,0.7497487437178432
58216,0.9987080103349185
59839,0.6281208935604756
98342,0.8617614269779564
60175,0.04069767441856395
82073,0.7122093023248691
93301,0.7679738562083823
63588,0.49999999999949996
27987,0.9241917502777826
80054,0.28093645484921737
28762,0.7224080267551304
92627,0.08799999999991198
37981,0.4738562091498529
103582,0.41989664082645345
26564,0.25728643216054675
54394,0.7416020671827209
44332,0.7063953488365029
22138,0.27260981912117443
94855,0.7174770039414639
4632,0.8544061302673448
32784,0.3875968992244186
32830,0.6243243243236999
5631,0.5997770345590434
16808,0.815075376883607
99344,0.4349540078839277
62996,0.23258869907992508
94028,0.5878552971570349
23890,0.2745098039212941
65380,0.2351351351349
227,0.33333333333299997
67725,0.6215505913265794
104891,0.3899497487433286
28004,0.9200581395339635
83787,0.8071519795649654
29242,0.7416020671827209
19087,0.07580824972121739
21662,0.9413333333323919
80430,0.1486486486485
11521,0.02470930232555668
5769,0.06209150326791176
81749,0.5164257555842404
48697,0.5179738562086323
48172,0.2909698996652608
53034,0.4482758620685172
19406,0.5527027027021499
96433,0.9185929648232019
31600,0.6253333333327079
27238,0.04723618090447537
99691,0.5465116279064302
82316,0.6110552763812985
47283,0.9466666666657199
97742,0.8607095926404007
22508,0.47567567567519997
49085,0.12499999999987499
35900,0.3511705685615217
87088,0.9901960784303823
24902,0.3953488372089069
94494,0.641261498028268
28022,0.5518394648823912
2059,0.8473837209293851
12010,0.6119999999993879
57179,0.7354651162783342
43643,0.9598662207348261
49136,0.7658862876246522
43229,0.03488372093019767
94695,0.6104651162784592
35330,0.9604086845456551
68583,0.9667943805865171
35691,0.4534883720925697
58106,0.467999999999532
49013,0.9728643216070672
4021,0.46511627906930225
9736,0.37976346911919967
16976,0.1830065359475294
60727,0.8026755852834782
22616,0.7407407407399998
94363,0.04723618090447537
102735,0.8281407035167597
73328,0.84729729729645
82486,0.6756066411232068
45754,0.8874371859287608
52339,0.008939974457206895
27609,0.5784883720924447
75284,0.24648786717727586
31833,0.529333333332804
43459,0.3735465116275334
43426,0.47157190635404345
16966,0.06231155778888241
67316,0.1999999999998
90027,0.369333333332964
21202,0.1438953488370654
60034,0.7100893997438621
100336,0.4113009198419014
104126,0.39464882943104346
10532,0.6270753512126551
19102,0.6270753512126551
70178,0.8341708542705225
89262,0.9698492462301859
59485,0.5837837837832
39936,0.2151162790695523
84258,0.31266149870769766
98035,0.21834625322975582
13638,0.9085841694528259
104139,0.3729246487863448
93985,0.47157190635404345
15049,0.6253229974153953
17040,0.36133333333297196
21849,0.6253229974153953
27661,0.36621621621584993
26382,0.131999999999868
55516,0.005167958656325581
65056,0.8573333333324759
38204,0.31621621621589996
45724,0.10135135135125
51528,0.2675675675673
42609,0.5045992115632273
15379,0.36530880420462813
70841,0.5767973856203381
49635,0.6059431524541744
54418,0.6702702702696
34898,0.36133333333297196
82519,0.05226130653261105
22371,0.43152454780318605
31017,0.6773255813946715
95026,0.5841694537340869
54736,0.6666666666659999
17067,0.39464882943104346
65336,0.8333333333324999
64461,0.12354651162778342
81513,0.5439276485782674
56947,0.5061315496093043
27779,0.006385696040862069
97067,0.2697881828313913
56463,0.8281407035167597
33626,0.7453333333325879
87493,0.7939698492454371
45569,0.7746666666658919
20981,0.9885057471254483
145,0.6317829457358023
22884,0.8620689655163791
8896,0.9068627450971323
17763,0.09849246231145928
6716,0.8146666666658519
77738,0.4702702702698
72793,0.3113695090436162
7354,0.6231884057964782
23390,0.14869281045736762
86826,0.7319316688560354
102897,0.36530880420462813
2390,0.62027027026965
101532,0.3809045226126844
71510,0.2997416020668837
85733,0.8252299605773613
104850,0.929333333332404
36937,0.7095477386927577
62521,0.09967320261427941
329,0.6436781609188965
58726,0.8725490196069705
104467,0.3346104725411724
11753,0.15066666666651599
75997,0.2666666666664
44827,0.48533333333284795
81596,0.5228539576360434
5976,0.3045226130650221
14096,0.8346253229965813
32561,0.1718592964822402
97574,0.07972972972964999
87563,0.3837209302321744
4012,0.15843023255798108
44065,0.7209302325574185
7357,0.20502512562793568
32431,0.24459459459434998
97914,0.1817168338905652
10926,0.44933333333288394
25951,0.5819095477381115
16993,0.38492462311519293
83006,0.663398692809794
65555,0.07702702702695
47229,0.53999999999946
24230,0.5772669220939309
80478,0.41989664082645345
12794,0.9999999999989999
101427,0.20155038759669766
77338,0.5532194480940591
60261,0.84729729729645
61243,0.014666666666651998
52749,0.787999999999212
35153,0.9216216216206999
1847,0.6599777034553043
37515,0.692810457515647
59715,0.3386934673363447
75508,0.2854271356781065
68453,0.8186274509795735
38857,0.4159999999995839
76901,0.4099868593951222
45312,0.40135135135094996
64699,0.7238372093016017
107124,0.7848837209294476
106450,0.22222222222199997
59034,0.23692810457492644
28823,0.3945945945942
16562,0.8735465116270333
7111,0.73648648648575
62848,0.22222222222199997
2065,0.9844961240300232
93643,0.04221105527633969
14995,0.7486486486478999
10652,0.10620915032669116
96790,0.255999999999744
13931,0.6094594594588499
105910,0.558475689881176
105867,0.5581098339713448
47543,0.7910643889611011
52396,0.5045992115632273
11384,0.4573643410848139
58047,0.46911957950018784
27059,0.2170542635656744
62378,0.7759197324406957
91044,0.5133333333328199
65285,0.7516339869273528
9793,0.30799999999969196
87140,0.045333333333288
60724,0.1324324324323
102439,0.0801576872535335
79462,0.7428940568468022
37993,0.641025641025
83192,0.907999999999092
16217,0.7573333333325759
50809,0.44189016602765513
69198,0.3669250645991162
4837,0.16053511705669565
1378,0.4827586206891724
6627,0.21516164994404344
44185,0.46517739815985015
89323,0.6666666666659999
30419,0.37080103359136046
44183,0.9666666666656999
70038,0.18659658344265176
42202,0.06513409961679309
68211,0.7956577266914138
86889,0.6027027027020999
70314,0.31831395348805375
28421,0.5083612040128695
79594,0.4771460423629565
63970,0.6376811594196521
66554,0.5072273324567858
73096,0.6662162162155499
63901,0.5098039215681176
48610,0.5540540540535
4433,0.5658291457280773
83417,0.04236343366773913
26109,0.13665389527444827
107024,0.3587385019707319
103750,0.47238372092976016
83501,0.9689189189179499
29599,0.6013071895418822
7580,0.9809045226120844
90263,0.9486486486476999
16027,0.9065326633156763
96145,0.7332457293028146
38150,0.4582914572859738
40057,0.21216216216194997
31590,0.2528735632181379
101651,0.7045707915266086
98893,0.3908045977007586
5608,0.2354651162788343
32223,0.1715686274508088
104466,0.30945945945915
24293,0.913398692809544
48837,0.5581098339713448
63309,0.9689542483650441
55433,0.15836526181337932
35375,0.2603015075374281
65396,0.683389074692739
91489,0.740703517587199
86721,0.4612352168195124
10224,0.7041343669243604
87346,0.8968023255804985
57170,0.9837837837828
100290,0.5363984674324137
35196,0.015988372093007266
44191,0.851851851851
92164,0.27647714604208695
29280,0.5996732026137793
25538,0.8940568475443255
83987,0.49934296977611037
62898,0.237185929648004
106361,0.794573643410058
25136,0.9658344283827398
29505,0.25929648241180103
83536,0.8891891891882999
45658,0.7135678391952662
3288,0.20666666666645997
23616,0.31621621621589996
41581,0.4835742444147595
11609,0.7869346733660472
90769,0.9031007751928953
94406,0.9025125628131677
6965,0.5670498084285517
51073,0.6644370122624348
51777,0.689447236180215
61494,0.7926421404674348
25372,0.1718592964822402
71318,0.3918918918915
46254,0.4460784313721029
46722,0.1962209302323619
42554,0.6854271356777065
47197,0.9898255813943589
51552,0.5568475452190813
4582,0.9651162790688023
69685,0.0837837837837
64327,0.44809461235172005
90833,0.4793281653741976
100852,0.5734355044694137
32398,0.32056194125127585
94635,0.41787122207579763
24454,0.31653746769994184
34791,0.6020100502506542
12741,0.13768844221091758
14778,0.42296511627864675
48422,0.11773255813941715
44847,0.045333333333288
4140,0.8492975734346552
79918,0.13165829145715477
11546,0.5693333333327639
8942,0.19121447028404648
40240,0.5400788436262667
70332,0.7630813953480741
27702,0.44666666666621996
30292,0.5310077519374535
95337,0.31891891891859997
53342,0.197333333333136
23596,0.04134366925060465
16604,0.6376811594196521
23231,0.5316582914567547
54794,0.06641123882496551
94579,0.022339027595247044
88392,0.787999999999212
25986,0.37467700258360465
102710,0.054054054053999996
55373,0.44933333333288394
20649,0.1708278580813009
48177,0.4905405405400499
76434,0.2270270270268
70908,0.40406976744145634
102742,0.20058139534863662
25058,0.6959999999993038
78434,0.35945945945909996
80726,0.025839793281627905
65248,0.009333333333324
88275,0.18137254901942645
74074,0.5735294117641323
21876,0.23692810457492644
103450,0.5045992115632273
67928,0.5906666666660759
59256,0.2954292084723913
46298,0.4816053511700869
98195,0.7728758169926911
95110,0.7091503267966764
82195,0.2506459948317907
21832,0.8909883720921322
61503,0.4130653266327527
91959,0.7923784494078803
26200,0.11601307189530882
25686,0.095999999999904
64370,0.4069119286506521
57104,0.11155778894461206
85740,0.3942181340337713
65082,0.26633165829119093
73465,0.49999999999949996
14815,0.4333333333329
62566,0.4082687338497209
65389,0.5653333333327679
36629,0.8659658344275176
2761,0.2753623188403043
46122,0.507246376811087
46708,0.6373333333326959
48543,0.369333333332964
38437,0.29885057471234483
41679,0.04730617608405256
11943,0.33588761174934484
80663,0.19333333333313998
57362,0.9638242894047209
78294,0.8300653594762941
11443,0.785333333332548
3339,0.13824289405670928
8333,0.197333333333136
73688,0.5108556832689655
101048,0.2904522613062422
38807,0.38071895424798524
91992,0.9738562091493529
103660,0.1486486486485
4349,0.7003942181333337
23900,0.810666666665856
54890,0.7516339869273528
47554,0.34237726098156973
57897,0.6162790697668256
95129,0.14666666666651998
97155,0.888517279820739
78284,0.9651162790688023
53620,0.6437908496725588
17540,0.7891891891884
90980,0.005025125628135678
53178,0.8279999999991718
54282,0.9796511627897179
83611,0.523968784837826
74832,0.0826873385012093
33521,0.5108556832689655
22312,0.31782945736402324
8327,0.6189189189183
48181,0.8825031928471379
61597,0.1405405405404
56734,0.555555555555
7246,0.2428940568473023
18123,0.4773869346728894
18892,0.3692810457512647
48849,0.7354651162783342
47669,0.1962095875137391
94924,0.40078843626766747
48512,0.33333333333299997
9957,0.3311432325883679
15707,0.7759197324406957
55630,0.8020100502504541
9362,0.9908015768715452
66120,0.02043422733075862
16363,0.9374201787985517
16402,0.3326633165825819
41921,0.7093333333326239
22353,0.377333333332956
14686,0.9668341708533045
28415,0.9226130653257104
105355,0.8599999999991399
41053,0.8643410852704534
37061,0.19896640826853487
6933,0.21839080459748275
31839,0.45994832041297673
44786,0.9796511627897179
70036,0.9166666666657499
68703,0.9256281407025919
42378,0.5944767441854519
36526,0.14728682170527907
49901,0.114666666666552
74032,0.6381909547732311
45628,0.4918300653589852
31979,0.8331658291448955
53486,0.40522875816952936
46763,0.32843137254869115
85408,0.7871222076207635
22637,0.30954773869315777
85061,0.8653333333324679
22921,0.7826086956513912
29685,0.2917214191849908
44220,0.49936143039541375
1290,0.11758793969837486
35918,0.2904522613062422
95177,0.30992196209556516
31992,0.6276477146036086
61329,0.39705882352901467
58169,0.6257982120044827
7717,0.35405405405369994
81789,0.24999999999974998
12979,0.7226666666659439
43043,0.37333333333296
75875,0.28431372548991174
42519,0.9453333333323879
78452,0.07918263090668966
52550,0.3377926421401304
106635,0.4069767441856395
95352,0.4918300653589852
7091,0.8773869346724893
101511,0.29697766097210776
61044,0.4771460423629565
63031,0.13797634691181995
86820,0.6291457286425869
70201,0.18840579710126085
92595,0.32297297297264993
45050,0.05199999999994799
28950,0.23499361430372412
25218,0.04780361757101162
49914,0.897435897435
28318,0.7118863049088487
20136,0.5810810810804999
71667,0.23691860465092585
100422,0.18265440210231407
13447,0.22875816993441173
19832,0.681333333332652
106236,0.09173126614977906
102494,0.43466666666623194
19099,0.2824120603012251
1374,0.9906666666656759
100798,0.40135135135094996
50458,0.7828863346096896
8098,0.21404682274226083
46587,0.7125628140696391
97916,0.442810457515897
15653,0.5568326947631723
41534,0.49999999999949996
1648,0.8706800445922174
20773,0.9337837837828499
67182,0.033205619412482755
75074,0.6462311557782482
103776,0.7303921568620146
84381,0.10620915032669116
66906,0.8357558139526526
76170,0.27738693467308945
3635,0.6608108108101499
100541,0.6066411238818965
42074,0.9119286510581738
61498,0.39379084967280875
5817,0.9531772575241304
5050,0.0513513513513
79558,0.19029374201768962
93493,0.31256281407003916
3526,0.6662162162155499
14253,0.9837837837828
41847,0.4121447028419651
11067,0.8573333333324759
19072,0.5188953488366904
42248,0.30395913154503446
27783,0.215505913271795
97731,0.03959131545334483
65049,0.6623115577882823
48336,0.3545751633983382
87509,0.01937984496122093
22247,0.6031976744180013
98041,0.02837837837835
89133,0.3675675675672
28435,0.4750957854401379
1568,0.5968992248056045
49259,0.37569676700073906
40251,0.30555555555525
21063,0.3488372093019767
39510,0.24221105527613968
84092,0.6998722860784827
21541,0.24019607843113233
56060,0.046511627906930225
58625,0.021105527638169846
55009,0.9519999999990478
4421,0.40802675585243475
58289,0.9459459459449999
81464,0.9474375821278304
56880,0.9055232558130479
94733,0.3486486486483
89920,0.07580824972121739
95370,0.5758793969843486
86551,0.15075376884407032
64842,0.12746386333758605
98219,0.5772669220939309
14959,0.095999999999904
61918,0.11111111111099999
30768,0.0271317829457093
84626,0.8822674418595828
87409,0.6075808249715217
71910,0.20155038759669766
76044,0.3939698492458371
93349,0.5228539576360434
83169,0.26819923371620685
40924,0.47066666666619594
83906,0.8054054054045999
90343,0.5478927203059655
99624,0.20100502512542712
60372,0.19597989949729142
17360,0.12533333333320798
3376,0.41999999999957993
101531,0.7621550591319579
92693,0.718791064388243
63830,0.5180878552966395
105550,0.42799999999957195
67793,0.13165829145715477
74065,0.25163398692785294
52043,0.1864864864863
101272,0.5216819973713575
95104,0.167999999999832
12014,0.1783723522852174
56921,0.8620689655163791
91011,0.5338441890160689
22278,0.9554069119276956
72818,0.3246231155775648
18017,0.570881226053069
85902,0.9186176142688695
73281,0.9096989966546085
66154,0.8462549277258291
64930,0.6911764705875441
99208,0.7243243243235999
46912,0.897435897435
82434,0.2552763819092924
34011,0.9809045226120844
93158,0.003999999999996
2811,0.3857302118167826
10413,0.8864321608031336
19194,0.2404730617606005
49608,0.3036175710591279
66841,0.76891891891815
58801,0.1950947603119565
102353,0.9055232558130479
48903,0.8088235294109558
59202,0.5243243243237999
88029,0.013081395348824127
77130,0.3488372093019767
40716,0.3837837837834
51834,0.5522875816987941
2106,0.9578544061293103
43645,0.3706395348833503
103317,0.7529069767434331
90097,0.3486486486483
67179,0.08804204993420893
75619,0.8666666666658
91664,0.19896640826853487
84404,0.41602067183420927
62415,0.6768837803313793
44375,0.7292464878664482
99252,0.04134366925060465
62134,0.8572864321599467
36512,0.8559999999991439
39584,0.8346253229965813
49182,0.15577889447220603
9209,0.9366925064590115
23385,0.6351351351344999
14286,0.8559999999991439
29787,0.4625492772662917
39647,0.4002229654399565
47671,0.1950947603119565
28786,0.7547738693459788
59678,0.34336677814904343
30071,0.23643410852689534
89480,0.9658344283827398
12125,0.9872286079172757
93053,0.6343669250639651
19649,0.41025641025599996
18321,0.06891891891884999
55999,0.6239999999993759
31501,0.4750957854401379
8089,0.9667943805865171
25411,0.36764705882316173
91874,0.1213282247763793
466,0.783783783783
49124,0.07679738562083824
16452,0.1405405405404
51030,0.8825031928471379
14352,0.07364341085263953
20051,0.4713567839191266
68506,0.987080103358186
46932,0.6617647058816911
48724,0.5407035175873989
106754,0.5849297573429655
70520,0.543604651162247
32716,0.01809045226128844
19783,0.020348837209281975
1729,0.31928480204310344
38511,0.9130434782599564
27811,0.2467700258395465
40368,0.2385620915030294
49438,0.3577889447232603
106631,0.1949748743716643
43598,0.7075351213275173
88438,0.6731266149864069
38912,0.37080103359136046
88719,0.17432432432415
33208,0.9031007751928953
75282,0.7279821627640434
73266,0.20671834625302324
19084,0.800445930879913
5823,0.9833971902927586
34194,0.35294117647023526
36136,0.6886304909553836
55696,0.6588628762535217
27683,0.6086956521733043
49127,0.35199999999964793
58850,0.7870680044585217
19462,0.5015075376879407
25121,0.18190954773851153
32769,0.34738186462289655
67726,0.4904522613060422
30824,0.7194767441853269
104718,0.6373193166879303
93260,0.9264705882343676
72559,0.17599999999982396
34565,0.5873850197103193
29042,0.5929648241200101
98338,0.5027870680039564
39563,0.10854271356773064
70885,0.7959798994966915
7911,0.3660130718950588
23393,0.864825581394484
29608,0.4360465116274709
55788,0.25159642400996546
30151,0.23691860465092585
88907,0.9459459459449999
2054,0.99296482411961
24459,0.31621621621589996
21357,0.5865633074929534
10902,0.21999999999977998
46706,0.23866666666642797
47885,0.28777923784465304
105126,0.6192810457510147
51203,0.31216216216184994
87021,0.48494983277543474
16789,0.9811046511618094
104871,0.7558139534876163
36294,0.12645348837196657
7053,0.31653746769994184
71733,0.2054054054052
80090,0.13065326633152763
6574,0.13049095607222091
31797,0.0800653594770441
19952,0.3945945945942
16668,0.9728643216070672
48236,0.3935340022292608
40314,0.9909547738683556
66603,0.93108108108015
23583,0.665333333332668
61738,0.07105943152447673
50567,0.025839793281627905
38284,0.31457286432129344
3562,0.3527638190951246
42704,0.3613666228642904
21007,0.43627450980348526
56284,0.18390804597682756
72475,0.8528252299597253
24080,0.9117647058814411
50203,0.803999999999196
86643,0.9155778894463205
35152,0.5799999999994199
44133,0.02759526938236399
40041,0.1467336683415618
82527,0.6666666666659999
35320,0.11300919842301445
100607,0.3692509855449658
91405,0.5581098339713448
51837,0.2324393358873793
22239,0.12666666666654
79207,0.5930232558133605
65262,0.7703455964317826
65622,0.815075376883607
29865,0.25929648241180103
90444,0.3678929765882608
58080,0.41216216216174995
96233,0.34894091415795647
104292,0.6308139534877413
23999,0.44054054054009995
87724,0.33077905491665516
61964,0.02567567567565
28233,0.4677002583974651
87041,0.7162162162154999
29483,0.0813953488371279
14131,0.9896640826863488
97450,0.98513513513415
65873,0.3216080402006834
44510,0.34459459459424996
35799,0.377333333332956
91708,0.3779264214043043
93454,0.7078488372085945
8299,0.0010050251256271357
35919,0.6795865633068139
628,0.31266149870769766
21766,0.5596432552948696
44458,0.34302325581361043
60983,0.4013377926417391
4255,0.7794117647051029
49690,0.6245210727963103
67251,0.3377926421401304
18018,0.8499999999991499
64334,0.2816537467697442
23020,0.9216216216206999
64539,0.6858237547885861
2636,0.8405797101440868
4239,0.44459459459414996
2916,0.9409141583045216
47620,0.970588235293147
95172,0.8554533508532838
87497,0.5849297573429655
102911,0.8439999999991559
62964,0.1949748743716643
17161,0.48743718592916074
67138,0.6867335562980869
16931,0.9944258639900868
2191,0.5256281407029919
85278,0.8010335917304651
32044,0.6373193166879303
13297,0.21199999999978797
22001,0.9493464052278087
25536,0.8333333333324999
82091,0.21220930232536916
79109,0.6854271356777065
99901,0.777777777777
87478,0.01470588235292647
80502,0.5517587939692975
77107,0.3809045226126844
92705,0.7839195979891657
82783,0.26421404682247823
90183,0.9198966408259535
53221,0.061306532663255274
54010,0.7346733668334361
43465,0.9655172413783448
37604,0.9337837837828499
12589,0.49949748743668637
76240,0.40135135135094996
9378,0.598978288632862
19599,0.35294117647023526
58146,0.8294314381262607
15010,0.6030150753762813
61669,0.5755584756893061
389,0.5773333333327559
28590,0.42528735632141373
26249,0.029729729729699998
50580,0.897435897435
91531,0.7106666666659559
76422,0.9195402298841379
98346,0.7855297157614883
64132,0.20958751393513042
2103,0.47603121516117386
52810,0.12040133779252173
99888,0.33333333333299997
105511,0.2630906768835172
45949,0.9819121447018604
35279,0.13869346733654472
69937,0.32998885172765213
88281,0.4682274247486956
35458,0.3935340022292608
98724,0.7728758169926911
33661,0.8764534883712165
36453,0.26351351351325
66277,0.10653266331647637
11313,0.3027027027024
54039,0.28777923784465304
67162,0.3449612403097325
82272,0.6763819095470622
11190,0.24637681159395652
51756,0.6053511705679565
87877,0.04723618090447537
65208,0.8633377135339592
938,0.7412790697667005
8843,0.7545219638235348
62361,0.4069119286506521
51842,0.3587385019707319
68472,0.8087855297149533
7764,0.5478036175705115
42727,0.12597547380143478
203,0.459302325580936
37980,0.02365308804202628
102455,0.38398692810419116
83234,0.9936143039581379
57168,0.2452619843921739
34845,0.8364864864856499
55704,0.7346733668334361
43121,0.6950904392757907
33031,0.20671834625302324
84017,0.3499999999996499
65439,0.2683417085424452
76588,0.9474375821278304
97248,0.005108556832689655
36473,0.2990196078428382
33423,0.38058748403537923
56678,0.9919597989939828
40269,0.6308139534877413
60140,0.7871222076207635
16164,0.4381270903005652
31227,0.5261813537670345
100102,0.053266331658238186
95294,0.5530012771386552
62010,0.060457516339808816
104912,0.387254901960397
8993,0.39729729729689994
15518,0.5879999999994119
50328,0.2875816993461176
40417,0.22997416020648836
93859,0.32950191570848275
5016,0.403416557161226
21094,0.3999999999996
26228,0.11274509803910293
39317,0.7248062015496627
6096,0.5568475452190813
71548,0.6911928651052174
24220,0.8341708542705225
21791,0.7447236180897076
20371,0.36381909547702307
67898,0.6031976744180013
103635,0.5768844221099758
49440,0.644221105526994
94769,0.8666666666658
10446,0.4901960784308823
33663,0.33462532299708136
16336,0.8428093645476521
13881,0.6570302233896188
45024,0.4139290407354599
18329,0.5568475452190813
71536,0.1135135135134
45269,0.8529411764697352
53758,0.9391891891882499
30249,0.14604236343352173
16989,0.22311557788922412
66127,0.2745098039212941
20159,0.8710089399735861
23049,0.49199999999950794
106243,0.57412790697617
91756,0.0025542784163448276
30302,0.8639910813815217
50487,0.7157190635444347
94582,0.5121328224771379
85863,0.821200510854862
54544,0.12005108556820689
24480,0.9608040200995416
66645,0.2513513513511
48238,0.083999999999916
87273,0.14729729729715
84861,0.8171683389066521
25328,0.5261813537670345
93455,0.11601307189530882
76358,0.32266666666634397
64119,0.6934673366827235
95989,0.9068627450971323
14317,0.5849297573429655
29470,0.5686274509798235
74323,0.7131782945729302
80695,0.1748743718591216
26939,0.35733333333297596
29512,0.6030150753762813
74168,0.4783919597985165
48035,0.9195402298841379
95266,0.002906976744183139
1493,0.0038759689922441857
50973,0.44147157190591296
74763,0.41608040200963414
55922,0.7906976744178138
22062,0.8314176245202414
30450,0.8659658344275176
93468,0.7015075376877407
53150,0.42133333333291195
47326,0.7418300653587353
55563,0.8049052396870433
70116,0.7243243243235999
57580,0.7502787067996955
75952,0.26098191214444183
100913,0.9864864864855
95057,0.6623115577882823
91782,0.6731266149864069
16983,0.03448275862065517
2975,0.22666666666643998
88963,0.6181353767554483
19730,0.7140522875809853
93990,0.14492753623173912
1787,0.04263565891468604
46145,0.6922094508294483
85637,0.7015075376877407
24327,0.86202365308718
106396,0.6176084099862418
105351,0.12403100775181394
19104,0.6297297297290999
17291,0.17345597897485937
104618,0.6977660972397753
97225,0.8675675675667
101063,0.7226666666659439
63097,0.8984924623106592
39930,0.7254901960777058
80503,0.7215836526174138
32279,0.4068627450976323
70128,0.5016339869276029
29146,0.008040201005017086
48275,0.8067567567559499
61528,0.43115577889404116
39366,0.019157088122586204
80412,0.9405405405396
60591,0.3729246487863448
21378,0.8659658344275176
81393,0.4573643410848139
91555,0.6162943495394625
71883,0.02713567839193266
44107,0.5440210249666043
79009,0.507246376811087
93069,0.5195094760306955
52996,0.2594594594592
6842,0.856209150325941
49577,0.4542713567834653
52152,0.8178294573635232
69008,0.9702702702692999
32692,0.9445945945936499
58630,0.2904522613062422
35659,0.8807134894082609
42219,0.9921156373183245
81987,0.4349540078839277
74,0.0013140604467792377
78664,0.4003267973852206
22392,0.2247765006383448
10881,0.4509803921564117
24942,0.9421813403407134
56862,0.4560723514207325
19427,0.04521963824284884
34266,0.9215686274500587
34763,0.4486486486482
24096,0.781333333332552
104578,0.5663600525618514
94951,0.03052325581392296
40265,0.6834625322990581
3839,0.47157190635404345
43888,0.86111111111025
105288,0.6628352490414827
12266,0.7892720306505516
30075,0.6002554278410345
95856,0.23255813953465113
52529,0.7870680044585217
91774,0.9839195979889658
54433,0.36381909547702307
103412,0.9675675675665999
45906,0.19476744186027034
51747,0.1438953488370654
53810,0.9788182831651304
24965,0.28431372548991174
17742,0.815075376883607
1212,0.131999999999868
59267,0.020671834625302324
66069,0.5190538764777989
25825,0.14715719063530436
41556,0.5072674418599579
64267,0.34559789750293957
15754,0.5206030150748562
13892,0.7390180878545581
64328,0.7398160315367108
55212,0.3127463863334586
8371,0.5125628140698392
81568,0.9999999999989999
18101,0.5624999999994374
54160,0.37091503267936765
34453,0.9013333333324319
66343,0.1692506459946628
4086,0.8683417085418451
1085,0.44771241830020586
10156,0.8785529715753487
21172,0.29885057471234483
67913,0.51999999999948
78219,0.8540540540532
28244,0.5587939698486873
51011,0.5135678391954663
3011,0.17587209302307993
8356,0.42248062015461624
63902,0.06733668341701808
49992,0.864623243932724
26714,0.9632107023401738
106503,0.99095607235043
78596,0.22222222222199997
7829,0.6321608040194683
20002,0.41860465116237205
53668,0.8854271356775064
42773,0.7614269788175216
72273,0.13377926421391304
81964,0.0513513513513
88213,0.2904522613062422
21519,0.3979933110363913
28541,0.961892247042402
99540,0.2865105908581304
20708,0.4882943143807826
25251,0.470588235293647
10159,0.03197674418601453
14546,0.07972972972964999
28348,0.13665389527444827
75697,0.11356783919586633
34095,0.394666666666272
78762,0.4281045751629705
82267,0.4713567839191266
69531,0.16176470588219116
93925,0.6767001114820433
57367,0.5400788436262667
94289,0.23918918918895
73721,0.004020100502508543
44406,0.4860646599772173
79677,0.888517279820739
99727,0.3600525624175111
90442,0.8693333333324639
103355,0.34034165571582253
65494,0.43478260869521734
38906,0.8952062430314347
73588,0.2812089356107569
45264,0.0591327201050657
99425,0.6662286465170736
20711,0.9067688378024137
52116,0.5879999999994119
101759,0.6376811594196521
78431,0.6964520367929959
52806,0.9733333333323599
22326,0.6220930232551918
19481,0.9609810479366085
29560,0.35333333333297995
45130,0.018952062430304346
59789,0.011999999999988
40995,0.1021711366537931
48922,0.04248366013067647
63198,0.1274509803920294
63610,0.4354005167954302
75000,0.4793969849241437
36325,0.15050167224065217
15996,0.4572158365257241
52599,0.7065326633158764
1266,0.897435897435
92023,0.08804204993420893
86566,0.25999999999974
61816,0.9948320413426743
4673,0.12418300653582352
57549,0.699127906976045
22904,0.8963210702332173
80619,0.9531772575241304
48653,0.8405405405396998
74673,0.1326633165827819
52436,0.085333333333248
13915,0.7165829145721476
42346,0.27858081471719837
21030,0.41989664082645345
12289,0.2073578595315652
42408,0.25542784163448273
49915,0.6577480490517391
78645,0.5633074935394884
73874,0.8227424749155652
82582,0.41569767441818894
16442,0.06833114323252036
11874,0.06513409961679309
61980,0.9264214046813478
23261,0.23643410852689534
82191,0.19896640826853487
51689,0.8627450980383529
5899,0.38783783783744996
96499,0.39296482412021
102987,0.5516795865627557
82598,0.4559643255290869
99762,0.3895348837205407
78500,0.43999999999955997
63759,0.4648829431433478
13717,0.12151616499430433
16463,0.7668341708535044
44868,0.45466491458561625
91073,0.1405405405404
20326,0.6960408684539654
9638,0.4783919597985165
50179,0.6211055276375698
67939,0.5427841634732758
81082,0.1192810457515147
83482,0.41608040200963414
103547,0.95540540540445
47572,0.27841634738158616
8426,0.797333333332536
82627,0.16557161629418396
29611,0.270696452036523
14886,0.689447236180215
35291,0.1999999999998
86593,0.31699346405197054
47202,0.7513513513505999
6977,0.67999999999932
102331,0.8979328165365696
24357,0.2107558139532776
74222,0.3901808785525814
38526,0.9534883720920697
44934,0.6732026143784118
82699,0.2865105908581304
18191,0.4367816091949655
76815,0.21516164994404344
34754,0.43478260869521734
3226,0.8133333333325199
94643,0.8333333333324999
45623,0.1859296482410201
8614,0.9899497487427286
8033,0.40210249671444676
98802,0.17866666666648798
97750,0.24221105527613968
3638,0.019157088122586204
42685,0.3521681997368357
52955,0.48717948717899995
100242,0.17752234993596552
102919,0.5147058823524264
16489,0.14980289093283308
101697,0.8544061302673448
96562,0.9974457215826551
41528,0.4152431011822391
7450,0.11369509043916279
88369,0.5866666666660799
7919,0.7877906976736307
42515,0.2270270270268
33567,0.9816031537440906
52062,0.49999999999949996
95469,0.1054054054053
3189,0.5421511627901554
29365,0.25542784163448273
93701,0.923076923076
80260,0.8226666666658439
100649,0.9889447236171015
53246,0.5015075376879407
91012,0.9224704336390248
17185,0.114666666666552
1118,0.04570791527308695
5891,0.70675675675605
72853,0.5689189189183499
20340,0.08914728682161628
59057,0.5918918918912999
95083,0.68243243243175
41544,0.6693467336676724
8584,0.888517279820739
82913,0.7875816993456175
71575,0.18799999999981198
79719,0.11773255813941715
104129,0.3075376884419035
10317,0.2601839684622891
27663,0.9879999999990119
22832,0.134666666666532
50048,0.6767001114820433
70974,0.08935611038098817
28207,0.5986666666660679
13688,0.7292464878664482
995,0.793103448275069
47354,0.8281407035167597
99701,0.8466666666658199
62148,0.830150753768014
13409,0.4351758793965497
33367,0.6530880420492812
56974,0.5596432552948696
74442,0.7921511627899054
61515,0.3822674418600828
53062,0.7391304347818695
42478,0.20306513409941376
72667,0.6867335562980869
13944,0.29844961240280227
44207,0.35466666666631197
80275,0.6436781609188965
85960,0.0162162162162
91032,0.40210249671444676
102511,0.35294117647023526
72265,0.26421404682247823
54713,0.1124031007750814
85697,0.41025641025599996
103872,0.18023255813935463
90881,0.9405405405396
23006,0.3337713534819264
33177,0.0826873385012093
38093,0.8639999999991359
14292,0.6693467336676724
94164,0.9889447236171015
7505,0.9581081081071499
28045,0.045226130653221105
40618,0.5348837209296976
45324,0.11274509803910293
57494,0.795999999999204
34644,0.4302325581391046
104294,0.46656976744139383
33832,0.8773869346724893
39588,0.8607918263082068
87158,0.6546666666660119
38524,0.7335562987729565
99879,0.561333333332772
77420,0.18390804597682756
83432,0.7067183462525232
31875,0.699127906976045
99635,0.25542784163448273
67714,0.5243243243237999
24552,0.6586666666660079
11900,0.2745098039212941
92004,0.6270753512126551
30687,0.8256756756748499
68401,0.15836526181337932
87198,0.7939698492454371
59808,0.7516339869273528
105525,0.06976744186039534
55013,0.4113712374577826
7316,0.2575558475687306
52527,0.08333333333324999
71735,0.7162162162154999
26045,0.270696452036523
62203,0.3216080402006834
22328,0.8291457286423869
39358,0.11918604651150871
12055,0.9598662207348261
85025,0.5741360089180434
25527,0.29434954007854924
25415,0.783430232557356
14621,0.9885620915022794
48629,0.4909560723509302
64113,0.06718346253223255
76973,0.9395424836591911
26713,0.5014534883715915
31372,0.309333333333024
55011,0.5688442211049588
26050,0.8675675675667
99136,0.8837837837828999
106457,0.5083014048526207
47510,0.7450722733238277
61051,0.7941176470580293
79394,0.7457286432153346
83584,0.6465997770339129
16347,0.84459459459375
56011,0.9243243243234
98299,0.7513935340014781
69772,0.271999999999728
104626,0.5939553219442155
90275,0.8346253229965813
35908,0.6959999999993038
48174,0.11866666666654799
22707,0.5930232558133605
45075,0.3660130718950588
78717,0.6254927726669172
92880,0.17054263565874417
99616,0.40933333333292393
40147,0.5755584756893061
67878,0.381333333332952
5688,0.8378378378369999
29843,0.9206030150744562
93697,0.95540540540445
77944,0.9796511627897179
10496,0.15836526181337932
35884,0.514666666666152
14897,0.07236180904515375
97000,0.9053333333324279
74501,0.4901960784308823
35821,0.005574136008913043
4888,0.9946666666656719
3176,0.2261306532661055
42938,0.08429118773937931
68361,0.5395763656627826
85859,0.3857302118167826
47267,0.261984392418913
66499,0.21059431524526742
100083,0.5045992115632273
83134,0.7324324324316999
62253,0.8126614987071976
40822,0.41216216216174995
18377,0.9877369007793911
78837,0.7881136950896511
20140,0.8850129198957558
19794,0.5969849246225185
26676,0.9639999999990359
75027,0.6432552954285652
30260,0.746386333770607
12762,0.6837837837830999
46202,0.8515111695129461
2482,0.4648829431433478
19490,0.7870680044585217
16583,0.8398692810449117
35114,0.0513513513513
53722,0.7079999999992919
33729,0.589333333332744
101747,0.42732558139492144
30627,0.022339027595247044
71514,0.5596432552948696
94384,0.24999999999974998
66833,0.179487179487
21412,0.626532887401826
41926,0.34099616858203446
65530,0.4738562091498529
53842,0.0561941251595862
13505,0.6002906976738183
2411,0.21999999999977998
94830,0.08783783783775
21680,0.7571059431516977
66212,0.31007751937953487
50007,0.16176470588219116
105932,0.2890932982914323
27844,0.7240473061753601
89481,0.1633986928102941
43317,0.055232558139479644
41947,0.6020066889626087
101165,0.0054054054053999994
44602,0.8811369509035116
12673,0.9829172141908699
60746,0.5618090452255687
67705,0.8948751642566609
16913,0.7810810810802999
15005,0.032160804020068344
13607,0.2552954292082174
78049,0.01470588235292647
1253,0.16819973718774242
93833,0.6220735785946956
3236,0.5133333333328199
63170,0.24266666666642397
48337,0.6909323116212758
8170,0.6030150753762813
14341,0.2270270270268
86045,0.5889447236175015
14679,0.3527638190951246
27186,0.8450390189512174
95164,0.12354651162778342
98424,0.7766097240465295
54091,0.6666666666659999
101540,0.5361366622859289
45523,0.9540540540531
21227,0.7357859531765216
29555,0.6540697674412064
28851,0.8924418604642238
23068,0.8790849673193822
18148,0.9665551839455216
99684,0.37254901960747056
44819,0.008169934640514706
43191,0.05628140703511959
105945,0.6090452261300442
66889,0.26421404682247823
84551,0.3895348837205407
15466,0.08249721293191303
53972,0.99296482411961
82578,0.6911764705875441
51330,0.9453333333323879
44020,0.7614379084959705
39564,0.03575989782882758
95189,0.6856187290963043
883,0.07095926412607884
38667,0.9693333333323639
17135,0.1293604651161497
71661,0.22875816993441173
89711,0.9959999999990039
13972,0.9066666666657599
100712,0.5813953488366279
48492,0.7936925098546596
59473,0.5135678391954663
81897,0.9409141583045216
21537,0.783783783783
2826,0.8813333333324519
94308,0.5193798449607209
3396,0.2746386333768607
2405,0.49609810479326083
89372,0.0906701708277674
33708,0.8386627906968357
9461,0.6663316582907909
19859,0.03617571059427906
63887,0.2844221105524794
73122,0.26421404682247823
82715,0.8692810457507647
67703,0.47603121516117386
24295,0.5545335085408384
32582,0.8985507246367825
85799,0.9434954007874927
20195,0.8120915032671617
47550,0.2189189189187
46895,0.9065326633156763
29497,0.795999999999204
74348,0.529333333332804
36210,0.3256281407031919
22446,0.6324324324317999
75233,0.5889447236175015
106445,0.8904522613056421
32445,0.540229885056931
30797,0.9157088122596205
103642,0.4244415243096938
64029,0.04422110552759397
49215,0.27458492975706894
35695,0.4625322997411395
102275,0.6732026143784118
14142,0.8480392156854264
4152,0.9565217391294782
30678,0.8341708542705225
26282,0.8473837209293851
76198,0.7324414715711738
106055,0.7296482412053004
106491,0.8746770025831045
39059,0.03575989782882758
11665,0.30552763819064926
2387,0.9493464052278087
103031,0.028140703517559797
40496,0.8127090300995217
56135,0.17477003942163863
403,0.5678391959793316
10484,0.5879999999994119
64823,0.24418604651138368
45120,0.7161629434946846
49419,0.08660130718945587
101273,0.5658291457280773
47271,0.5465116279064302
69213,0.9901960784303823
92835,0.17700258397915114
51893,0.45270270270224994
14547,0.4302325581391046
68392,0.07135678391952663
66218,0.170666666666496
4600,0.5044699872281034
45819,0.24904214559362067
68767,0.5887611749674827
67047,0.9898255813943589
85484,0.703455964324826
104509,0.5418060200663477
7036,0.8811369509035116
50165,0.02043422733075862
84954,0.5195094760306955
31011,0.9135135135125999
70318,0.5834428383699816
82472,0.5478036175705115
92128,0.7212931995533478
65709,0.37162162162124995
55667,0.9519999999990478
32659,0.5879396984918743
92473,0.8854271356775064
57335,0.6249999999993749
7319,0.02837837837835
53187,0.6692209450823448
102462,0.8364864864856499
105817,0.618666666666048
52118,0.9053876478308948
95221,0.6755852842802608
49818,0.40301507537648135
52260,0.3567567567564
36139,0.039215686274470585
77601,0.022110552763796986
5720,0.7870680044585217
89736,0.6895424836594412
95828,0.19955406911908694
52148,0.0
92217,0.6039999999993959
37128,0.7085427135671305
3448,0.30405405405374997
23882,0.3692509855449658
75919,0.8515111695129461
2773,0.771999999999228
46545,0.8396846254919329
47383,0.004360465116274709
47764,0.49949748743668637
60087,0.8743243243234499
40895,0.22666666666643998
60037,0.3692810457512647
56735,0.18799999999981198
90269,0.11627906976732556
81695,0.7107843137247793
28667,0.15678391959783317
41830,0.5108556832689655
12071,0.33648648648615
64758,0.5121328224771379
95667,0.24563953488347526
15970,0.4793969849241437
8714,0.6732026143784118
73494,0.48020434227282754
58667,0.04682274247486956
103827,0.39970930232518165
36019,0.4084967320257353
104906,0.9723837209292601
80456,0.9846743295009309
9779,0.507999999999492
54446,0.6373193166879303
100246,0.5124835742439028
100011,0.7516339869273528
89389,0.11877394636003448
92286,0.024120603015051253
95191,0.8862876254171738
52556,0.6613372093016642
79106,0.1984231274636649
26182,0.20399999999979596
41784,0.9824324324314498
67515,0.35271317829422094
88718,0.023255813953465113
36028,0.6613065326626553
99110,0.45478036175665115
21228,0.3545150501668695
2517,0.9872286079172757
96150,0.44702842377216273
92186,0.9195402298841379
71180,0.9901960784303823
30270,0.6162790697668256
62162,0.12060301507525627
80856,0.47733333333285594
76872,0.6253229974153953
2440,0.755778894471606
41282,0.925333333332408
60167,0.222666666666444
42395,0.4546615581093793
68137,0.29960578186566617
61867,0.09640522875807353
68046,0.6627906976737558
11569,0.14189189189174997
103399,0.20784883720909447
87179,0.8250319284793792
96885,0.052396878483782605
14901,0.8783783783775
25975,0.29733333333303597
54082,0.1405405405404
48998,0.6373333333326959
55300,0.5702702702696999
101585,0.5427069645198251
23064,0.274666666666392
58738,0.6756066411232068
44346,0.13668341708529044
86930,0.823115577888624
91506,0.8378378378369999
473,0.08935611038098817
48432,0.3320413436689186
32006,0.18087855297139535
77706,0.002666666666664
97917,0.663398692809794
51510,0.1036789297657826
57294,0.3720930232554418
15801,0.17369093231144828
65299,0.907999999999092
96244,0.777777777777
70475,0.39910813823817387
98757,0.3502906976740683
89247,0.4050251256277356
40225,0.6253229974153953
56253,0.9286432160794733
60914,0.6380813953481991
99823,0.6206395348831002
83113,0.8173690932303448
40439,0.36530880420462813
27291,0.7125628140696391
62575,0.9216216216206999
66246,0.4653266331653638
96928,0.9362745098029852
85392,0.740703517587199
66892,0.7189189189181999
43058,0.8979328165365696
90704,0.15942028985491302
9915,0.5986666666660679
26056,0.7186666666659479
66025,0.003999999999996
3230,0.09986859395522206
59951,0.9888517279811738
45409,0.34865900383106896
16258,0.341333333332992
96360,0.7661498708002674
91311,0.2794117647056029
30363,0.8617571059422906
84785,0.47674418604603486
87913,0.9159001314051287
16539,0.8418918918910498
60190,0.8120603015067256
57898,0.22519509476008695
72182,0.4573643410848139
95817,0.7226130653259105
63330,0.641261498028268
90382,0.5799999999994199
106043,0.8040201005017085
61392,0.015503875968976743
83131,0.5196078431367352
98380,0.32887402452586956
51326,0.8294573643402557
17431,0.5849297573429655
105844,0.06911928651052174
47380,0.39705882352901467
64299,0.7923784494078803
62789,0.14938684503886954
87467,0.794573643410058
28121,0.6213333333327119
37282,0.8422110552755396
82185,0.06540697674412065
17592,0.30268199233686205
45457,0.5479632063069422
17879,0.9497487437176432
47347,0.8251256281398783
88330,0.9829172141908699
3610,0.7177522349928964
76546,0.7532679738554559
87496,0.558475689881176
6181,0.23258869907992508
95849,0.8864321608031336
25711,0.010512483574233901
67387,0.3831417624517241
38259,0.9135678391950663
62168,0.667999999999332
9713,0.31256281407003916
81684,0.5083014048526207
46454,0.9733333333323599
55548,0.7826797385613088
96620,0.39733333333293597
58233,0.43889618922426543
29507,0.4733668341703809
104543,0.598978288632862
38955,0.8502906976735682
100147,0.6959999999993038
25402,0.8762541806011304
31586,0.7113665389520344
29310,0.4682274247486956
99618,0.4130653266327527
100224,0.9040697674409564
99149,0.23385012919873255
74254,0.4573643410848139
14071,0.2485465116276584
99246,0.32666666666634
21852,0.808429118773138
62708,0.6666666666659999
94288,0.7045707915266086
29514,0.4875164257550972
87479,0.8818283166100434
84918,0.3025125628137678
42449,0.030651340996137928
93629,0.9374201787985517
41948,0.07246376811586956
100684,0.2794117647056029
96099,0.4422110552759397
95464,0.3953488372089069
72015,0.6268068331136964
87554,0.22875816993441173
70392,0.47765006385648273
67226,0.9821200510845861
71672,0.04467805519049409
99298,0.917333333332416
13317,0.9035175879387949
68304,0.26533333333306797
55505,0.24303232998860866
56260,0.688953488371404
71880,0.20703517587918993
99580,0.3473837209298852
101003,0.667336683416418
49593,0.2135135135133
40638,0.480946123521201
76115,0.8350055741351738
21445,0.80666666666586
39470,0.6243243243236999
11142,0.5338441890160689
49054,0.6209587513929129
2462,0.8496732026135293
61317,0.7324414715711738
99570,0.6445945945939499
92798,0.9461235216810512
82303,0.9521963824279883
43375,0.7660972404722955
74108,0.9709302325571685
94584,0.18265440210231407
4811,0.013071895424823529
13896,0.937333333332396
91390,0.022110552763796986
49275,0.5374677002578604
23659,0.053266331658238186
106175,0.558475689881176
73272,0.8591731266141279
96921,0.7296482412053004
51358,0.5537688442205517
16956,0.6879084967313381
99792,0.558666666666108
94547,0.10479375696756521
15924,0.23514211886281391
81313,0.661092530657087
15929,0.5772669220939309
53867,0.14303959131531033
37989,0.5129198966403139
82371,0.48148148148099995
96366,0.31417624521041376
26743,0.5693333333327639
21493,0.04467805519049409
70163,0.56621621621565
2806,0.3113695090436162
52672,0.22058823529389704
102997,0.5025125628135677
22913,0.7923784494078803
102036,0.8749999999991249
53408,0.845226130652421
23008,0.9948914431663103
31264,0.7045707915266086
76345,0.29599999999970394
17198,0.0945083014047586
2679,0.8660130718945588
5095,0.38058748403537923
106767,0.7042483660123676
7731,0.6307490144540341
48598,0.039215686274470585
39950,0.03316582914569548
2772,0.45994832041297673
89479,0.3497487437182432
27308,0.01999999999998
66124,0.16985951468693103
29808,0.44927536231839127
36108,0.5733333333327599
61131,0.9901960784303823
100018,0.646517739815385
70535,0.002229654403565217
32555,0.44459459459414996
51749,0.10702341137113042
74533,0.8994974874362863
14536,0.7597989949741145
45541,0.9493333333323839
44537,0.069333333333264
62836,0.01404853128989655
68878,0.4244415243096938
8271,0.45994832041297673
51634,0.10479375696756521
69928,0.20671834625302324
35823,0.4793969849241437
2028,0.41216216216174995
46987,0.37790697674380813
77389,0.9434954007874927
69142,0.7906976744178138
68128,0.4613065326628552
38330,0.21621621621599998
40839,0.7713920817361378
88762,0.6644370122624348
13202,0.320630749014134
12164,0.961892247042402
32314,0.22742474916365213
86213,0.013081395348824127
100193,0.46911957950018784
40830,0.054666666666612
103382,0.5813953488366279
49266,0.18313953488353776
60873,0.39910813823817387
22141,0.805874840356793
106176,0.45977011494206893
88056,0.2742474916385217
91514,0.21220930232536916
28593,0.6283524904208275
1527,0.34671125975439127
47087,0.9241917502777826
34354,0.7439999999992559
45978,0.01937984496122093
42767,0.5348226018391498
82442,0.30620155038729063
65451,0.179487179487
98499,0.692810457515647
87603,0.6097240473055664
96190,0.3366834170850904
101620,0.095999999999904
83753,0.8010050251248271
42516,0.01909547738691558
165,0.2892441860462224
84135,0.9246231155769647
83673,0.9999999999989999
38979,0.3675675675672
82212,0.17587209302307993
80142,0.442810457515897
9816,0.9236180904513376
92679,0.897435897435
28269,0.1950947603119565
46357,0.21220930232536916
44452,0.8573021181708259
26166,0.15050167224065217
24461,0.9035175879387949
84233,0.6986666666659679
39606,0.9186176142688695
28982,0.8599999999991399
89961,0.6199999999993799
8755,0.9216216216206999
68495,0.08442211055267938
80258,0.653746770025186
80935,0.7369186046504258
103064,0.22713567839173265
81312,0.7993311036781304
27595,0.6372924648780344
1206,0.2170542635656744
98601,0.97889447236083
52470,0.8864864864856
80555,0.11758793969837486
89749,0.15066666666651599
78441,0.34225195094726085
34119,0.0054054054053999994
45545,0.8300653594762941
75653,0.7971014492745652
105022,0.7675675675668
70019,0.5906666666660759
85760,0.04459308807130435
46440,0.7364341085263952
62491,0.3772609819117674
78165,0.5819095477381115
44865,0.16387959866204346
32477,0.170666666666496
66037,0.16503267973839705
8933,0.08241206030142512
20413,0.7063953488365029
59053,0.095999999999904
80453,0.7809045226122844
73023,0.8662207357850868
76948,0.9144316730514482
79114,0.355778894472006
6511,0.8940914158296521
22113,0.4882943143807826
65212,0.489447236180415
52385,0.5943152454774417
84622,0.46732026143744115
76885,0.4460784313721029
2346,0.5697674418598954
96048,0.35294117647023526
105509,0.1274509803920294
22744,0.5172798216271304
96713,0.70675675675605
5977,0.398666666666268
14216,0.9961685823744827
23871,0.4494086727984993
20971,0.9897828863336205
70406,0.9932432432422499
37062,0.38795986622034784
45720,0.923076923076
36993,0.5834428383699816
60299,0.8067567567559499
105612,0.8541392904065045
56938,0.8648648648639999
62552,0.02890932982914323
89960,0.01708278580813009
28761,0.06733668341701808
72155,0.9948320413426743
5840,0.70135135135065
59392,0.0
44682,0.5266331658286191
23326,0.7572674418597078
49234,0.6878483834998695
31127,0.9346405228748823
40377,0.7752956635997502
68034,0.19698492462291856
5458,0.19063545150482608
99973,0.48191214470236043
19165,0.007999999999992
41857,0.8026755852834782
48813,0.6123521681991247
70203,0.857558139534026
24496,0.7869346733660472
40711,0.1135135135134
84113,0.2844221105524794
79538,0.5517241379304827
31122,0.02890932982914323
52174,0.551999999999448
56388,0.271999999999728
81550,0.10457516339858823
25682,0.8675675675667
101809,0.4176245210723793
101248,0.25125628140678385
76771,0.7879948914423792
28802,0.5770348837203532
65658,0.5899497487431287
52474,0.4452261306528211
86160,0.9027595269373363
45874,0.2745098039212941
106522,0.10620915032669116
67547,0.41339869281004404
60619,0.45945945945899996
62621,0.555555555555
17982,0.6243243243236999
65987,0.7943805874832413
59280,0.9066666666657599
45473,0.3914728682166627
69620,0.8479999999991519
12599,0.877369007802913
105491,0.7354651162783342
34394,0.5326797385615588
96466,0.8382352941168087
99079,0.7093333333326239
1406,0.09302325581386045
38053,0.3850129198962558
66957,0.9331103678920435
90555,0.6656976744179388
15335,0.7065326633158764
588,0.979933110366913
5956,0.699127906976045
50798,0.06911928651052174
62318,0.37790697674380813
13452,0.05813953488366278
73019,0.8097062579813102
57538,0.718791064388243
72347,0.38666666666627997
10812,0.47537688442163517
57417,0.11046511627895929
52221,0.32887402452586956
104461,0.5988372093017267
57479,0.43599999999956396
83268,0.7662162162154499
71935,0.31524547803586045
21294,0.931999999999068
63595,0.18135376756048274
80761,0.047999999999952
94684,0.44933333333288394
99244,0.4542713567834653
34208,0.8339719029365862
105649,0.4112388250315172
31941,0.22837837837814998
88250,0.9821200510845861
101079,0.6253229974153953
37863,0.415075376884007
53277,0.6909323116212758
20997,0.05236270753506896
15875,0.29501915708782755
32719,0.7810810810802999
10485,0.8505747126428275
36855,0.6909323116212758
11755,0.750666666665916
73214,0.08241206030142512
87506,0.30954773869315777
101739,0.6906666666659759
50208,0.10135135135125
64415,0.95540540540445
58342,0.7113665389520344
8023,0.5117056856182174
40268,0.10174418604640988
80228,0.939799331102739
90160,0.2875816993461176
2047,0.9639999999990359
101432,0.6884422110545879
98505,0.2998885172795217
30555,0.13969849246217184
73792,0.9284802043413447
64632,0.7826797385613088
33499,0.9722222222212499
1119,0.05333333333328
1058,0.2108108108106
8283,0.9506666666657159
17200,0.5014534883715915
78328,0.9216216216206999
17321,0.0030150753768814066
8073,0.32056194125127585
46654,0.34671125975439127
25672,0.823115577888624
1915,0.06800445930873912
44594,0.21200510855662066
35100,0.5216819973713575
65672,0.5516795865627557
67775,0.202666666666464
88131,0.7770270270262499
98134,0.001633986928102941
59219,0.024265644955275858
20236,0.7814938684496086
33606,0.2189189189187
5476,0.6743295019150345
49834,0.6542713567832652
36743,0.6053333333327279
76508,0.4793281653741976
74082,0.394666666666272
53128,0.5767973856203381
26944,0.2513513513511
95272,0.4782608695647391
95663,0.0561941251595862
9514,0.42297297297255
42561,0.954022988504793
13562,0.019607843137235292
12109,0.34225195094726085
39454,0.5527027027021499
104706,0.5768725361360855
22537,0.4625492772662917
4834,0.8675675675667
63389,0.3968462549273298
74923,0.7647831800255164
72902,0.12643678160906896
23245,0.47157190635404345
3773,0.8591731266141279
106907,0.26633165829119093
11813,0.518666666666148
103912,0.7427135678384532
74295,0.0837837837837
97152,0.0280970625797931
66967,0.37569676700073906
23994,0.9356783919588632
72500,0.7879396984916742
71422,0.07162162162155
15866,0.5716162943489684
28325,0.5994832041337674
30274,0.2839999999997159
75238,0.9756756756746999
1811,0.7971014492745652
3289,0.5085427135673306
63513,0.309333333333024
91050,0.7892156862737205
102644,0.22868217054240694
4881,0.3127463863334586
21117,0.2108108108106
21420,0.8097062579813102
93509,0.14980289093283308
5744,0.58783783783725
39540,0.41216216216174995
74210,0.01808785529713953
50049,0.5841694537340869
87468,0.21199999999978797
67275,0.9786666666656879
104410,0.5108556832689655
9216,0.0013140604467792377
91600,0.8378033205611034
73326,0.1925064599481279
18060,0.8795986622064782
89128,0.554666666666112
9150,0.2243243243241
51730,0.402666666666264
6820,0.6388888888882499
49732,0.9666666666656999
83047,0.5478036175705115
3568,0.773981603152971
81542,0.341333333332992
94590,0.9905405405395499
36340,0.771999999999228
107051,0.5197956577261724
11316,0.6584967320254852
70442,0.267999999999732
66737,0.5503875968986743
40642,0.28985507246347825
56152,0.7271241830058087
41682,0.7403100775186394
84689,0.7085427135671305
7463,0.33077905491665516
60975,0.045333333333288
81390,0.8544061302673448
53082,0.8006535947704412
80283,0.6079182630900689
3319,0.35477386934637883
24253,0.3567567567564
31457,0.8733333333324599
80082,0.6909323116212758
77132,0.1293604651161497
8641,0.063999999999936
66561,0.6623115577882823
96769,0.5540540540535
95247,0.7573333333325759
20139,0.7174770039414639
13195,0.9013333333324319
16834,0.38907469342213036
57606,0.7848383500549564
1841,0.717333333332616
1977,0.7527027027019499
80231,0.9655172413783448
5467,0.32218506131517394
7663,0.22965440356721736
107173,0.4003267973852206
550,0.1170568561871739
6315,0.699127906976045
45508,0.40135135135094996
49549,0.12418300653582352
15121,0.3085427135675306
24177,0.23901808785505813
98884,0.21220930232536916
59840,0.4840116279064927
30810,0.6231155778888241
13522,0.5185929648236021
35897,0.2340116279067427
6943,0.9432432432422999
4178,0.9016602809697241
26928,0.4393358876113103
75220,0.15768725361350852
32592,0.1806020066887826
66134,0.17386934673349444
47676,0.013071895424823529
72775,0.597333333332736
30443,0.429118773945931
101569,0.03617571059427906
30235,0.39825581395309007
30793,0.5775193798443837
59250,0.19333333333313998
94383,0.9105527638181848
20596,0.6702702702696
34051,0.6437908496725588
23981,0.7416020671827209
74201,0.30555555555525
51578,0.5773333333327559
20305,0.5706666666660959
60703,0.7658862876246522
64082,0.5632183908040345
60147,0.2703488372090319
65815,0.3113695090436162
24922,0.31256281407003916
56182,0.01470588235292647
81076,0.21024967148467802
44501,0.2908496732023235
78868,0.6608108108101499
83613,0.4733668341703809
8586,0.9999999999989999
100730,0.4816053511700869
73251,0.3431372549016176
82495,0.20751633986907353
90026,0.060446780551844936
54625,0.8253333333325079
62333,0.20588235294097057
78707,0.18390804597682756
960,0.894666666665772
70001,0.31199999999968797
101246,0.6266149870794766
32801,0.563953488371529
56595,0.32694763729213794
16065,0.04730617608405256
67082,0.6517739816025019
9168,0.4967320261432941
62656,0.17466666666649197
30789,0.5116279069762325
76112,0.937333333332396
38813,0.8416945373458695
88451,0.056847545219581394
6867,0.06800445930873912
48437,0.03104575163395588
61178,0.12746386333758605
14753,0.22093023255791858
49058,0.1540540540539
17279,0.8054054054045999
91458,0.21966794380565516
34487,0.5767973856203381
8037,0.5246231155773647
20133,0.937333333332396
22726,0.4460784313721029
2575,0.10810810810799999
104989,0.6162790697668256
47648,0.699127906976045
56757,0.33768844221071753
57160,0.9839195979889658
28203,0.767999999999232
91906,0.005025125628135678
4741,0.5770348837203532
8066,0.9405405405396
3488,0.5648648648643
35405,0.46656976744139383
40583,0.15552325581379794
29373,0.5174418604645988
71316,0.8430232558131104
6297,0.09849246231145928
106650,0.9053333333324279
48873,0.49934296977611037
56782,0.01672240802673913
48493,0.5032679738557059
6687,0.9738693467326943
96262,0.21216216216194997
65583,0.29844961240280227
23039,0.15066666666651599
46288,0.8378378378369999
101519,0.6057818659652285
50678,0.6482558139528402
19338,0.26819923371620685
34333,0.48020434227282754
95157,0.08249721293191303
102009,0.00405405405405
78600,0.9795657726682413
50120,0.1447236180903075
75303,0.8515111695129461
95981,0.8706395348828502
39346,0.15505913271995006
43176,0.2679738562088823
72905,0.5540540540535
48686,0.025641025640999997
103602,0.8422110552755396
101486,0.58783783783725
92893,0.23066666666643598
61085,0.28985507246347825
43804,0.23110465116255957
72017,0.1702702702701
45027,0.4723618090447537
6377,0.40406976744145634
82,0.0837837837837
94158,0.9361430395903793
74754,0.589333333332744
51691,0.5306666666661359
84566,0.5949748743712642
46750,0.7227332457285808
78298,0.08527131782937208
19777,0.5039018952057391
93311,0.5527027027021499
54630,0.6395348837202907
88750,0.019607843137235292
86677,0.5568326947631723
96078,0.5728643216074674
10884,0.20424836601286764
73376,0.8853333333324479
62042,0.16133720930216425
56531,0.18391959798976582
96054,0.9796511627897179
47090,0.518666666666148
12313,0.530523255813423
95437,0.5624178712215138
47954,0.40675675675635
79644,0.6270753512126551
85620,0.8837837837828999
92921,0.8341708542705225
92507,0.6978818283159129
40689,0.6700581395342136
26726,0.15964240102155172
10648,0.10855683269465516
52156,0.7536231884050434
35583,0.114666666666552
55810,0.4289405684750232
14241,0.36677814938647824
23864,0.12746386333758605
6324,0.06513409961679309
85321,0.6046511627900929
103017,0.18528252299587253
49734,0.52567567567515
30677,0.6922094508294483
50259,0.08556832694755172
24519,0.22733077905468965
81153,0.6162790697668256
7638,0.8357424441515953
31760,0.8656330749345348
21407,0.2084726867333478
73056,0.4905405405400499
5397,0.10479375696756521
52648,0.5016722408021739
79404,0.005108556832689655
87318,0.9961685823744827
50063,0.09594594594585
62869,0.2601839684622891
9282,0.28480204342244825
33207,0.04013377926417391
36832,0.7635658914721046
39168,0.9549418604641613
39004,0.912144702841465
42231,0.3195979899494291
71552,0.3297297297294
32425,0.07105943152447673
39202,0.7659883720922572
64874,0.11773255813941715
38211,0.01470588235292647
92532,0.9945945945936
56621,0.9027595269373363
52133,0.9744572158355517
45156,0.22211055276359698
72892,0.4793969849241437
35120,0.9117647058814411
76104,0.0762155059131958
13086,0.8173690932303448
44734,0.4378378378374
77203,0.12746386333758605
32919,0.7536231884050434
60903,0.8488830486193876
84000,0.377889447235803
99303,0.5964052287575735
62158,0.6615581098333103
54089,0.9898255813943589
40710,0.13869346733654472
78004,0.7758793969841487
32074,0.20958751393513042
14113,0.03718592964820401
95540,0.5762273901803022
41386,0.35540540540504995
18064,0.08823529411755882
35811,0.4854271356779065
54232,0.46733668341661805
86245,0.5763656633216087
67616,0.0826873385012093
80266,0.16081081081065
44141,0.6904522613058421
50584,0.18783783783764998
98738,0.0030150753768814066
11070,0.27458492975706894
105305,0.748743718592216
58809,0.22997416020648836
72617,0.13235294117633822
37669,0.31289910600224136
73809,0.442810457515897
49712,0.496482412059805
85108,0.5326797385615588
32882,0.4404069767437456
37595,0.4560723514207325
79819,0.3045226130650221
65774,0.17054263565874417
32984,0.3405405405402
92089,0.4472972972968499
83770,0.907999999999092
57442,0.6756066411232068
38253,0.6331658291450953
54243,0.37567567567529997
15299,0.5992115637313323
32589,0.7369186046504258
16945,0.7519379844953721
51776,0.4316860465111962
59374,0.24221105527613968
65995,0.8398692810449117
26736,0.6257982120044827
84059,0.23258869907992508
17995,0.5202702702697499
63821,0.6308139534877413
63259,0.6856187290963043
6057,0.38666666666627997
85363,0.9689542483650441
86145,0.6057818659652285
17098,0.20945945945924999
73,0.031155778894441204
33560,0.6127450980386029
34813,0.6947674418597704
2011,0.8432160804011667
49904,0.5977011494246897
29527,0.9386845039009564
19572,0.3889447236177015
70976,0.6973180076621379
103291,0.8999999999991
367,0.34459459459424996
77990,0.2107558139532776
99323,0.6270753512126551
70762,0.9324324324315
102691,0.888517279820739
30827,0.5632183908040345
37704,0.913398692809544
93738,0.4799999999995199
36077,0.9297385620905735
21236,0.5597989949743145
54913,0.7616279069759825
99433,0.9728643216070672
64038,0.7015075376877407
58228,0.430150753768414
81187,0.11457286432149345
90101,0.6599777034553043
57523,0.4835742444147595
15695,0.5440210249666043
19808,0.8834170854262522
41702,0.9719999999990279
52520,0.8010050251248271
15014,0.305333333333028
33184,0.05167958656325581
32005,0.08249721293191303
101164,0.4906666666661759
21810,0.009043927648569766
14671,0.35294117647023526
25123,0.040051679586523246
10673,0.8613065326624552
34660,0.8199999999991798
59131,0.7870680044585217
40513,0.04729729729725
91323,0.227999999999772
6942,0.5015075376879407
6232,0.4638633377130709
47970,0.6675427069638528
55360,0.42587209302282986
42541,0.8349673202606029
1644,0.13165829145715477
